0 (pp) 9	0.255220093987	4.80539918316e-15	0.401055434632	0.107859742037	0.422019838998	0.370688186091	2.00112702756e-14	0.315610670307	2.6878414531e-12	0.443261924	2.90055473605e-14	0.454244281246	4.53056550421e-14	1.39503298818e-14	2.68784431667e-12	2.68749273035e-12	1.03387123748e-13	1.14696564081e-14	0.498620661229	2.68784371325e-12	0.432663781762	2.6878439198e-12	1.03373039468e-13	2.68756370402e-12	1.52133544463e-13	0.312500673147	3.53651843761e-14	7.82850772104e-14	2.68749001207e-12	0.499386129608	9.73816577646e-15	1.52132088572e-13	2.68784682512e-12	2.68749158526e-12	0.307337913633	2.68784206102e-12	0.432564788479	2.68752188393e-12	0.375542854091	0.0683456353961
9 (pp) 0	0.295008012741	6.63918491728e-15	0.424207019623	0.137544914878	0.440985968012	0.399194725033	2.76477600967e-14	1.30603093121e-14	3.71354714866e-12	5.77830587579e-15	4.00743383035e-14	0.43296682659	6.25947210921e-14	1.927390758e-14	3.71355110508e-12	3.71306535014e-12	1.42840627063e-13	1.58465856694e-14	3.71359310186e-12	3.71355027138e-12	0.449357487161	3.71355055675e-12	1.42821168087e-13	3.71316340801e-12	2.1018914252e-13	0.348478461177	4.88608728965e-14	1.08159402382e-13	3.71306159452e-12	3.7135456324e-12	1.34543418519e-14	2.1018713105e-13	3.71355457085e-12	3.71306376805e-12	0.343938095655	3.71354798859e-12	0.449270428788	3.713105629e-12	0.403233918557	0.0893850294633
0 (pp) 10	0.0605066708302	1.52191133137e-15	0.165737169191	0.288991209903	0.271841076266	0.185151955865	1.28360052702e-12	0.093323426789	1.2836005272e-12	0.216304327849	1.47005173928e-14	0.310952669209	1.28360052831e-12	1.89714847063e-15	1.28360052582e-12	4.8402223897e-15	1.2836005267e-12	7.39945669856e-16	0.427818851013	1.28360052599e-12	0.295446165498	1.28360052598e-12	6.1066760409e-15	1.67825683967e-14	8.27234363103e-15	0.123156235457	4.12483921279e-15	1.57830961271e-14	5.41946651074e-15	0.305975120227	7.93029223983e-16	5.39109274751e-15	1.2836005245e-12	5.42259695584e-15	0.112960977083	1.28360052684e-12	0.265251326704	7.91132250874e-15	0.180977709873	0.00625512277953
10 (pp) 0	0.367725910602	0.500201313476	0.208410778337	0.456682844082	0.174336367824	0.251265723889	0.500176109458	0.500013980508	0.500177211817	0.50000766407	0.500198317102	0.191228048659	0.500184789298	0.500204375683	0.500167325709	0.500194141457	0.500174235587	0.500201065169	0.500001726419	0.50016940882	0.155368882391	0.500168695794	0.500208615347	0.500191324161	0.500207434605	0.317481785527	0.500199105673	0.500194234675	0.500198338894	0.500004904254	0.500205202722	0.500206763766	0.500158666482	0.500197579011	0.322395559584	0.500175112945	0.155574070303	0.500192260845	0.244896266974	0.474226597708
1 (pp) 10	1.22980309891e-15	2.91772672447e-15	2.23512364392e-15	1.10684663144e-14	4.46190957992e-15	0.0462518116643	2.46083293674e-12	0.116145389569	2.4608821878e-12	0.304610726165	2.81828496499e-14	2.54151793976e-15	2.46083369715e-12	3.63715020587e-15	2.46087940653e-12	9.28072966939e-15	2.46083517256e-12	0.284439489515	2.37346466959e-14	2.46087999235e-12	4.01144806596e-15	2.46087979192e-12	1.17074387855e-14	3.21783497291e-14	1.5860242867e-14	3.34905751564e-15	7.90794516193e-15	3.0258312792e-14	1.03913291702e-14	7.02100471784e-15	0.120597734575	1.03361213086e-14	2.46087697023e-12	1.03966754044e-14	0.0899966909331	2.4608815972e-12	4.92940731711e-15	1.51680353365e-14	1.9220302782e-15	0.28991795887
10 (pp) 1	0.217638285455	0.424755563951	0.178087353417	0.497597764902	0.498342476219	0.457447935424	0.497975359777	0.438199812636	0.31407217588	0.213367071459	0.497016311963	0.498594742876	0.495234731509	0.322752353982	0.314063859335	0.00179858353451	0.489025117326	0.0882153854106	0.0179104485132	0.314065611712	0.498435860116	0.314065011892	0.392011127664	0.00620612293829	0.0678839598593	0.499053411548	0.394577967309	0.491704471945	0.00259821811298	0.00243189432003	0.41088777552	0.0678838071646	0.314056574983	0.0338894621087	0.387026110501	0.314070410225	0.308668713279	0.0611767769059	0.453860035456	0.285390925643
1 (pp) 2	1.21309520884e-15	3.34146026781e-15	6.68824130112e-16	2.36727461837e-15	8.18576427323e-15	0.108922322136	3.22762337341e-14	0.299299208126	5.21145863583e-14	0.370162543484	3.62451926627e-14	9.31894423977e-15	7.88855922966e-14	1.93459401438e-14	1.62815438855e-14	7.92426581639e-14	1.89739920055e-13	0.0901793542989	1.65339393528e-14	4.54465284014e-14	6.74866176872e-15	1.79248522393e-14	1.61053843438e-13	4.5913210223e-15	1.80813348436e-13	1.54749727402e-14	2.22203246514e-14	1.31012235883e-14	2.3973811792e-14	3.74579724998e-14	0.281418612047	4.61270388904e-15	6.60015527767e-15	2.24579958702e-14	0.241350584666	1.43092058036e-13	1.29048784597e-14	2.38496581043e-12	5.84095623202e-15	0.421276719596
2 (pp) 1	0.419493113597	0.207856750732	0.439503499645	0.0102292134554	0.0073368344513	0.135641302099	0.0086788254684	0.180362303104	0.351856023877	0.421555259436	0.0124834317406	0.00635436747305	0.0192278384826	0.343925116595	0.351852435631	0.49972715742	0.0418152748739	0.474596761458	0.495590092149	0.3518488457	0.00697732544538	0.351853344389	0.262551808198	0.498634207948	0.481308384471	0.00453322949228	0.258727771688	0.0323229037683	0.499537772294	0.499575216351	0.232286930009	0.481328398937	0.351848049494	0.491269890534	0.269355257097	0.351847992945	0.356616343273	0.483331924304	0.145129791138	0.375252647518
2 (pp) 18	0.500003203751	0.500195448475	0.500005523047	0.500021101889	0.500190846173	0.500200547747	0.500198462855	0.500198977156	0.500196603725	0.500013500119	0.500191406349	0.50018855233	0.500202213378	0.500189124123	0.500192745117	0.500176453534	0.500185079761	0.500008465549	0.500186656541	0.500188793888	0.500192939133	0.500193730945	0.500186434896	0.500002338203	0.500186374504	0.500183536961	0.500187735075	0.500194104467	0.500188107349	0.500183697811	0.500193944042	0.500000602448	0.500188002503	0.500187782818	0.500011729537	0.500187815808	0.500187928612	0.500157230977	0.500193374962	0.500012574523
18 (pp) 2	0.368116226172	4.11236387113e-15	0.279042666174	0.0288571359955	1.00734375779e-14	1.87575834161e-15	3.97190506451e-14	8.73231227573e-15	6.41388801264e-14	0.0937860987461	4.4603823023e-14	1.14679055403e-14	9.70779372533e-14	2.38095957749e-14	2.0038169484e-14	9.75276975887e-14	2.33503310163e-13	0.187539627251	2.03490953058e-14	5.59323535569e-14	8.30491812283e-15	2.20606341573e-14	1.98211388948e-13	0.404485721313	2.22535142463e-13	1.90433972042e-14	2.73469159017e-14	1.61229577482e-14	2.95057065571e-14	4.61013025156e-14	5.34351476621e-15	0.4762932278	8.12300930037e-15	2.76400980636e-14	0.12341040462	1.76107434021e-13	1.58824246201e-14	2.93528597688e-12	7.1884392528e-15	0.115093349736
2 (pp) 10	0.242961622377	0.101161511174	0.261862444114	0.0299171328066	0.00102547307619	0.028661401051	0.361484900036	0.0328646548276	0.361511323499	0.16007611193	0.00644195469822	0.000584366738629	0.361484474015	0.130125397507	0.361516355825	0.499615248723	0.361484130408	0.375906070936	0.198815044472	0.361510896645	0.000922043002491	0.361516074877	0.0315891531839	0.498620167399	0.409269844364	0.000769884584699	0.0587906227564	0.00691341106901	0.435883285595	0.358133978423	0.034122036909	0.311082746509	0.361519505316	0.0526232643945	0.0852766116395	0.361505034514	0.122607477498	0.0405463864741	0.0290517662972	0.106820709271
10 (pp) 2	0.108629457565	0.266164573609	0.028497591805	0.387295607144	0.201990202104	0.285514796891	0.456908343474	0.281364249438	0.0100120869304	0.0868990099256	0.394601324541	0.250022516338	0.47595247049	0.41973311862	0.00314964063729	0.0151449297724	0.489087266211	0.0158316663487	0.00319841719156	0.0087422406878	0.180055275513	0.00346643421956	0.44832337626	0.00089019833596	0.382679363468	0.437832387861	0.246835533491	0.0802848697557	0.00463084085182	0.00721673335513	0.188681280945	0.0155682421803	0.0012791860914	0.00433958276444	0.339332703552	0.027018155488	0.227611104143	0.316407715892	0.308008425618	0.124170540483
2 (pp) 29	0.422364653368	0.144088180688	0.264468109157	0.0208832756751	0.00251022195014	0.196046518142	0.0428119289596	0.2747187524	0.0118343053643	0.42540743537	0.0228625376505	0.00319720366177	0.141773872362	0.426124829531	0.00373231777039	0.472878905341	0.33584310047	0.351232487274	0.128841420819	0.0103378979506	0.00198275503594	0.00410724973958	0.413802461155	0.235189246224	0.488437485634	0.0155950970585	0.171615087374	0.00328284204323	0.391056043462	0.428722786119	0.174768231161	0.493444707102	0.00151685950934	0.0971680748285	0.489654750095	0.0317344716862	0.254720642628	0.480731574051	0.123489700036	0.499931755039
29 (pp) 2	0.151947318359	4.92548021426e-15	0.282924004456	0.0343684869161	1.20664090771e-14	0.198446801818	4.75742945933e-14	1.04587168598e-14	7.68262972223e-14	0.110281406956	5.34258550562e-14	1.37366705425e-14	1.16273416088e-13	2.85163490048e-14	2.40024810566e-14	1.16806729263e-13	2.79665800132e-13	0.345013337026	2.43726944708e-14	6.69963127912e-14	9.94806121269e-15	2.64250330907e-14	2.37394822357e-13	6.76795849442e-15	2.66524967897e-13	2.28099870674e-14	3.27539419615e-14	1.93127528429e-14	3.53386085625e-14	5.52147309096e-14	6.40002555699e-15	0.0648547807437	9.73018407707e-15	3.31056143752e-14	0.0145801511128	2.10937815649e-13	1.90224571524e-14	3.5155233982e-12	8.60981071026e-15	1.55461851281e-15
2 (pp) 5	0.151619171814	0.0145468902913	0.0328000849768	0.00121877103385	0.000108731529478	0.0174545745241	0.00382200496799	0.0328608792497	0.00494639848998	0.263274410421	0.001128437836	0.000119622245906	0.0323441071425	0.0580819364552	0.000561520247115	0.307242390746	0.340170728512	0.0914853324475	0.0075112443263	0.00112937158255	0.000151085898181	0.000792544160564	0.227909795748	0.0445794166476	0.462753358534	0.00038352521947	0.0119278385159	0.000507057662934	0.0962690615067	0.160856022019	0.0114062405109	0.425723543616	8.84602614125e-05	0.010363337654	0.359159892356	0.00350495112506	0.0183578319603	0.481327638041	0.00929513165141	0.430639248862
5 (pp) 2	0.104263646223	0.389267763461	0.159023947799	0.232357693914	0.427618104092	0.18741822718	0.136982630965	0.153543304374	0.497493183866	0.0823059846604	0.258345427688	0.400057513109	0.0840801011695	0.216734805985	0.499254602828	0.496130548276	0.0409818987864	0.112871703549	0.499225487641	0.497827412064	0.438393314368	0.499172863846	0.157838470371	0.242373632588	0.275416697956	0.181228042167	0.402043346045	0.47722989042	0.498847724988	0.49818598435	0.273190829226	0.00533921395607	0.499733677189	0.498935498715	0.0125439611241	0.49299639094	0.413625772451	0.349456140652	0.35691084956	0.000237492442085
3 (pp) 27	1.47838024128e-14	4.36709547387e-15	2.72680175778e-15	2.41642483177e-14	0.114531146143	3.33575267212e-15	6.66749489772e-12	0.442672240185	4.93888511032e-13	9.64500853278e-15	4.93888510695e-13	0.270949931523	6.66749490447e-12	1.9755489875e-14	2.95021897866e-14	0.145717000135	1.06924429308e-14	4.92072766558e-15	1.30735193881e-13	8.77301959558e-14	6.66749488853e-12	7.50459176892e-14	6.66749489703e-12	2.66387400882e-15	3.03750189816e-14	0.209878279955	3.56317727085e-15	6.29570956232e-15	3.0064127562e-14	0.0654228265257	1.57374694839e-15	6.66749489465e-12	3.43066834814e-15	2.95121204804e-14	5.86650721124e-15	6.66749489683e-12	1.27021922953e-14	0.127149139126	1.23816061078e-14	6.66749489331e-12
27 (pp) 3	0.500188538159	0.500195093871	0.500194959127	0.500188129406	0.500012115933	0.500197143139	0.500165513022	0.500001420868	0.50018339312	0.500192010593	0.500176435373	0.500005818975	0.500173670599	0.500190249464	0.500190381323	0.500010421493	0.500204701392	0.50019013129	0.500175643397	0.500186009054	0.500153139753	0.500186188262	0.500164026812	0.500202426038	0.500199113968	0.500007706232	0.500199985555	0.500199851783	0.500187994147	0.50001591232	0.50020115813	0.500161954265	0.500192997058	0.50018738865	0.500195976123	0.50016457647	0.500189250132	0.500011411094	0.500190146393	0.500158582685
4 (pp) 13	0.391998112097	0.411828208109	0.40957223925	0.283466563315	0.436430794684	4.59690489446e-15	1.41451924766e-13	2.72108542589e-14	3.66234639492e-14	0.208255225414	0.299298296261	9.72191049794e-15	5.97758234996e-13	4.86354710691e-14	1.13614553334e-14	5.59821663219e-14	3.08851196983e-12	1.93407174685e-15	0.240942325432	3.18939247705e-14	0.444092242963	1.25122484911e-14	5.9775501347e-13	9.9840450025e-15	3.30890803326e-13	4.86346079966e-14	0.453142500811	0.36848251639	1.67545900113e-14	2.62467068177e-14	8.03556713276e-15	5.97727857356e-13	0.262598503823	1.56903515745e-14	0.438208119689	1.02383634962e-13	1.27266055906e-14	3.08837626649e-12	7.32143316308e-15	3.08828088704e-12
13 (pp) 4	0.377188291631	0.399017627494	0.396512359545	0.26283435899	0.426561406901	3.8883103391e-15	1.19647674727e-13	0.403314616342	0.394753689747	0.188432955835	0.280086968039	8.22331676917e-15	5.05616187162e-13	0.384547183759	9.61013230739e-15	4.73527386605e-14	2.61243016783e-12	1.63594230084e-15	0.220459982392	2.69776034719e-14	0.435231828724	1.05835352897e-14	5.05613462215e-13	8.44504428538e-15	2.79885305711e-13	4.11377771462e-14	0.445556217818	0.35170094341	0.386873751514	2.22008816432e-14	6.796916508e-15	5.05590492106e-13	0.24178918651	1.32717464582e-14	0.428602871341	0.475341883715	1.07648500971e-14	2.61231538257e-12	0.378275999063	0.491128134046
4 (pp) 5	0.106537583773	0.145638121234	0.120331100977	0.035354833546	0.128974078222	2.53240880126e-16	1.16008393501e-14	1.51832557333e-15	1.50317672881e-14	0.0428175073908	0.0339888863207	3.61755751695e-16	1.0106526018e-13	1.04295819387e-15	1.69888896764e-15	2.86760237706e-15	1.55878488964e-12	1.64988455652e-16	0.0198904327123	3.41887476826e-15	0.231783621861	2.39841009084e-15	7.36967093534e-14	1.05026702164e-15	1.37158031312e-14	1.1601148243e-15	0.18273709028	0.177108993016	9.96580638049e-16	1.67794696226e-15	3.4542115297e-16	1.18033593984e-14	0.031178523941	1.36356462473e-15	0.0776378794423	1.06362459304e-14	4.58913925514e-16	2.31693040151e-13	4.19271869295e-16	2.60225046413e-15
5 (pp) 4	0.282847966022	0.251540324322	0.255390992918	0.391546808251	0.20391687383	0.500212390121	0.500206378487	0.24520681553	0.258484444375	0.434350775226	0.379268507949	0.500208854487	0.500201941734	0.273231756822	0.500207824395	0.500197224645	0.500172999633	0.500209725669	0.417679074377	0.500206085023	0.186576994889	0.500207401658	0.500192740962	0.500208040052	0.500204200068	0.500199792935	0.164160092506	0.313906054289	0.269969684824	0.500203517567	0.5002101074	0.500201832151	0.4051752716	0.50020588222	0.199950700944	0.0865643026527	0.500208890101	0.50017226512	0.281799718543	0.0343095108953
5 (pp) 32	0.50020956654	0.412116771386	0.421993289864	0.422947966037	0.305569031295	0.130377245761	0.500207130013	0.261598810746	0.500206749957	0.35830957361	0.500017318028	0.500209540852	0.500000457973	0.0705576469555	0.500005942142	0.500197912862	0.500173743162	0.424616516559	0.135368386616	0.50000407079	0.312056566532	0.500008911726	0.500002445467	0.500006569734	0.500204947563	0.070557371273	0.500013585634	0.500007630704	0.500209269075	0.146633442102	0.233705033425	0.500202567518	0.50020845797	0.500206585046	0.50020986898	0.50020651352	0.500209581207	0.500172956983	0.500210942227	0.50020766828
32 (pp) 5	4.2384661844e-16	0.0164015633113	0.0118135793006	0.0416665754037	0.0285349630838	0.189907052013	1.03214805737e-14	0.0637443295467	1.33736752485e-14	0.116818798637	0.0583808348572	3.21860759454e-16	0.483247957085	0.122474040089	0.274567402102	2.55135868488e-15	1.38687964477e-12	0.0327149412997	0.125535735326	0.341381144604	0.046663379325	0.19066586953	0.405441730354	0.251929761257	1.22032028286e-14	0.134385374106	0.0945565539667	0.223098482611	8.866548407e-16	0.141500573949	0.0497639433808	1.0501666393e-14	2.38009826307e-16	1.21318857716e-15	5.74732784134e-16	9.46269343948e-15	4.08304177329e-16	2.06141567933e-13	3.73025613051e-16	2.31507969506e-15
5 (pp) 33	0.500208566755	0.381859893337	0.266628379921	0.195183948376	0.240476584172	0.37980127309	0.500206043893	0.500209410331	0.500205657038	0.395760254073	0.500207079945	0.500007934605	0.500201590649	0.50020766922	0.50020750649	0.500196918237	0.500172668599	0.353505743157	0.500208249248	0.50020576316	0.192069723238	0.500207081149	0.500192409372	0.500018765958	0.500203867269	0.500199490705	0.500206942648	0.366571711575	0.232172341485	0.500203206363	0.19287907199	0.500201504751	0.500207479425	0.500205569308	0.225856113954	0.500205433546	0.500208582407	0.500171957088	0.339103962656	0.500009332748
33 (pp) 5	5.01822217006e-16	2.80438232715e-16	0.0658620655907	0.179206540184	0.108209180832	0.0672574556626	1.22203364116e-14	1.59936151631e-15	1.58340472018e-14	7.81456347693e-16	3.59837156858e-15	0.205873088017	1.06462251709e-13	1.09862732066e-15	1.78961143104e-15	3.02073536964e-15	1.64202564744e-12	0.00351576493097	5.30462743086e-16	3.60144628818e-15	4.81339245735e-16	2.52648772028e-15	7.76321913912e-14	0.0426829396647	1.44482414901e-14	1.22206617997e-15	1.11995970027e-15	1.61596477379e-15	0.151666469783	1.76755110047e-15	0.151398934733	1.24336712441e-14	2.81796795139e-16	1.4363804144e-15	0.103851883103	1.1203557122e-14	4.83420413343e-16	2.44065692957e-13	0.0661169361845	0.180395938424
5 (pp) 12	0.331714962666	0.286627892634	0.252263026971	0.273492626266	0.188117875516	0.370656784718	0.489450225188	0.160192097238	0.464334732029	0.45770327165	0.133016814152	0.10247959185	0.457697934212	0.453907765847	0.285714383592	0.495884030356	0.337994534873	0.470055850886	0.458310769562	0.363371822339	0.499742918753	0.487416680544	0.45768882076	0.17333190419	0.475747294042	0.496448350063	0.19837490669	0.455359131976	0.441589458725	0.138098061783	0.195469510012	0.457697851473	0.115279975927	0.457290615584	0.182029353969	0.492374309365	0.101201240571	0.337993900287	0.15495738789	0.338024930473
12 (pp) 5	5.04662871345e-16	0.0659361086825	0.0648342766179	0.0802380994008	3.48344094282e-16	0.0722526867462	1.2289321324e-14	1.60845382766e-15	0.140902160182	7.85862127724e-16	0.202809382686	0.13873107785	1.07063614829e-13	1.10483289734e-15	0.0979004134105	3.0377855679e-15	1.65132148713e-12	1.74780418261e-16	5.33458785232e-16	3.62182310581e-15	4.84039373293e-16	2.54075036507e-15	7.80706849688e-14	1.11263857553e-15	1.45298234446e-14	1.22896392296e-15	1.12631856934e-15	1.62507062675e-15	1.05570475937e-15	1.77760504003e-15	0.0421655269608	1.25039002509e-14	0.203279678696	1.44449329388e-15	6.84332254509e-16	1.12667987792e-14	0.195645433826	2.45447106143e-13	0.0854277308965	2.75650363194e-15
5 (pp) 13	0.262153388578	0.230672739378	0.234499489329	0.376734200987	0.184080813337	0.500213380177	0.500207455181	0.500013240623	0.500001714169	0.424305792089	0.364239457601	0.500209837826	0.500203071494	0.50002010723	0.500208847387	0.500198210637	0.50017406487	0.500210691778	0.405700133713	0.500207120751	0.167465845518	0.500208433026	0.500193807988	0.500209049826	0.500205270986	0.500200765484	0.146307006153	0.294053853855	0.500013818259	0.500204518993	0.500211095354	0.500202885694	0.391708954506	0.500206889142	0.180328325921	0.500000049095	0.500209880233	0.500173256336	0.500014382409	0.500023280322
13 (pp) 5	0.0916533078788	0.126035119963	0.103716485466	0.0300931832488	0.111328361005	2.14204808451e-16	9.81261623173e-15	0.104019611732	0.434371775826	0.0365162750393	0.0291735072422	3.05992545355e-16	8.54864534001e-14	0.0344131750548	1.43701200893e-15	2.42557290745e-15	1.31850441577e-12	1.39556143234e-16	0.0169173319566	2.89186885817e-15	0.203344439357	2.02870474087e-15	6.23366555299e-14	8.8837254902e-16	1.1601566781e-14	9.81287751e-16	0.159113054591	0.154106158739	0.0921389530946	1.41929813015e-15	2.92175859877e-16	9.98391862223e-15	0.0265213157817	1.15337657611e-15	0.0665135497258	0.498288413753	3.88174174175e-16	1.95978482069e-13	0.0815581656177	0.0223775867561
5 (pp) 14	0.500210136006	0.500018267478	0.315746018383	0.169525008398	0.207783435354	0.30222410611	0.500207748656	0.500211039534	0.500207372472	0.500016159895	0.500208730296	0.111596608495	0.500203379434	0.500209267263	0.500209126224	0.50019847939	0.500174355222	0.489884636198	0.500209818583	0.500207403059	0.50000840261	0.500208714146	0.500194098827	0.412766944444	0.500205562886	0.500201030572	0.500208535989	0.500013381561	0.199775586539	0.500204791952	0.162593788111	0.500203172859	0.500209015337	0.500207163599	0.145321818477	0.500207128662	0.500210150113	0.500173526512	0.309004354977	0.00380173876784
14 (pp) 5	3.8497667539e-16	0.0433048097501	0.0956372771999	0.148869267423	0.0851817148096	0.0336979277326	9.37492268071e-15	1.22696217591e-15	1.21472080014e-14	0.062075714701	2.7605177219e-15	2.92357947264e-16	8.16733144298e-14	8.42820184254e-16	1.37291382408e-15	2.31737978198e-15	1.25969228391e-12	0.0660480917857	4.06948469659e-16	2.7628765161e-15	0.196046444784	1.93821399294e-15	5.95561175497e-14	8.48753764563e-16	1.10840767619e-14	9.37517230461e-16	8.59185479176e-16	0.100773873783	0.120674155548	1.35599007613e-15	0.120412976131	9.53858409659e-15	2.16182523714e-16	1.10193000189e-15	0.0544933769808	8.59489282697e-15	3.70859593772e-16	1.87236825846e-13	0.051545810518	2.1030580473e-15
5 (pp) 15	0.500205851724	0.44876340223	0.454998785128	0.360192091123	0.373019452684	0.159863617601	0.500203094408	0.310548210063	0.500202689091	0.327312375525	0.301934556112	0.500205855152	0.132869506626	0.117532346726	0.220828808169	0.500194217217	0.500169750498	0.417296554479	0.189065067972	0.146393442855	0.378183750326	0.309861904079	0.132865354591	0.192375769819	0.500200933606	0.117531967727	0.234978537606	0.258616684452	0.500205480537	0.21842887623	0.310730273556	0.500198618684	0.500204822077	0.500202810956	0.500206116521	0.500202500751	0.500205870049	0.500169241759	0.500207216469	0.500203801655
15 (pp) 5	7.93809327292e-16	0.0302008798531	0.0218520111374	0.0199999623536	0.052044685283	0.238015876176	1.93307842846e-14	0.0923170082955	2.50471460442e-14	0.0901977066331	5.69221628324e-15	6.02803141108e-16	1.68416237388e-13	0.207004005308	2.83099075456e-15	4.77836140059e-15	2.59744433469e-12	0.0294060138776	0.19036729899	5.69720981154e-15	0.0838457290754	3.99661287742e-15	1.22808644248e-13	1.75014822526e-15	2.28550041611e-14	0.225028308431	1.77166270655e-15	2.55625147937e-15	1.66058864696e-15	0.235549631016	0.0892252357326	1.96682487773e-14	4.45761301117e-16	2.27214366334e-15	1.07639939756e-15	1.77223882102e-14	7.64700366206e-16	3.86076217783e-13	6.98628225579e-16	4.33584173003e-15
5 (pp) 19	0.198532466118	0.286281215224	0.50001741126	0.318439948387	0.366656563743	0.353076946899	0.114025662218	0.328594820418	0.500207872591	0.500208998829	0.500209211441	0.50021055977	0.500203900937	0.111667273325	0.500014755873	0.500198934529	0.500174846942	0.249604467174	0.196961444645	0.500207881157	0.448329347342	0.24116985995	0.500194591372	0.500012134256	0.190857208842	0.111666841211	0.500209000513	0.500010742657	0.40274243479	0.500205254216	0.302849148336	0.50020365918	0.500209463118	0.5002076284	0.500210906354	0.500207622857	0.336445167159	0.500173984063	0.24862005749	0.500208737216
19 (pp) 5	0.027853244612	0.0789447511535	0.0476884578576	0.0836192670798	0.0469764086382	0.0348125681807	0.304290412776	0.0438708329126	1.12438646996e-14	5.54911872637e-16	2.55522814478e-15	2.70603163615e-16	7.55995696217e-14	0.105016741488	0.0821186195592	2.14504474798e-15	1.16601358943e-12	0.114761689059	0.0955350566537	2.55741152411e-15	0.0136203325395	0.234138554658	5.51271475454e-14	0.118065515654	1.0260174064e-14	0.115453672176	7.95291006669e-16	0.147181781387	0.129973225311	1.25515006807e-15	0.051561980812	8.82923458582e-15	2.00105822405e-16	1.01998350964e-15	4.83204320664e-16	7.95572217437e-15	0.026858856772	1.73312709912e-13	0.123773997662	1.94639411952e-15
5 (pp) 21	0.260708750049	0.230080890206	0.216269965998	0.168420126608	0.06497924298	0.231731435798	0.489046765183	0.146780321441	0.414741259655	0.187565129953	0.0791953930735	0.0507831121928	0.456658619459	0.217307938181	0.210092526041	0.099791125375	0.00402732118337	0.370815889006	0.499113741217	0.174231260551	0.499575426638	0.450033878185	0.456659329888	0.113598667657	0.0884683805568	0.0368692406674	0.0647702381132	0.305631675429	0.316389635329	0.0489738260407	0.068330220483	0.456670467923	0.0735227375873	0.303110128794	0.100393682743	0.492034284833	0.0449180671699	0.00133123403861	0.101517039028	0.3354622507
21 (pp) 5	0.0625999549938	0.0980340166431	0.0612998988228	0.00831097655382	0.125258282446	0.0370279798233	0.00359279482355	0.0613521521885	0.0593305687669	0.022758860415	0.0141317869037	0.096606923376	0.0304562889264	0.00435725546069	0.106617959243	0.000890553790216	0.326402370514	0.0108301201591	0.00791924953198	0.0747288315021	0.00014199945034	0.00996359750317	0.0223933880171	0.161158521453	0.00424526882515	0.000360481495738	0.123409486838	0.0293877400165	0.0155517337353	0.100198101284	0.0837217513533	0.00365529810324	0.113419825709	0.0160554118191	0.0766616572683	0.00329484430549	0.0509055993356	0.0671864338834	0.0655758562505	0.000808118833581
5 (pp) 23	0.410512481133	0.315049556531	0.353671774538	0.275527367271	0.318213909621	0.3766995399	0.136368612359	0.354329935794	0.500206315731	0.500207567603	0.500207713648	0.500209146742	0.500202277507	0.133837782219	0.385058994863	0.500197517689	0.50017331623	0.284120159931	0.226240515157	0.500206392849	0.458367977954	0.278174380743	0.50019305809	0.305737402092	0.500012842989	0.133837301652	0.50020755446	0.320356081935	0.221660640527	0.500203815198	0.306314648252	0.500202145272	0.500208069186	0.500206181485	0.500209467732	0.500206084437	0.361622331177	0.500172559717	0.22388343759	0.500207254825
23 (pp) 5	0.166369527611	0.0982832746255	1.41421741327e-16	0.060026474486	0.0304254515914	0.0438428437492	0.357006573305	0.0550149764784	1.43017718377e-14	7.05826973599e-16	3.25015383023e-15	3.44197018373e-16	9.61598013356e-14	0.129792517826	1.61644760985e-15	2.72841601948e-15	1.48312530978e-12	0.146145188975	0.118402024075	3.25293100638e-15	0.0172186072995	0.291510618764	7.0119652568e-14	9.99309440324e-16	0.118488958741	0.142300273375	1.01158016624e-15	1.45959369246e-15	0.0279285040226	1.59650354885e-15	0.0530043601868	1.12304534003e-14	2.54527059146e-16	1.29738055578e-15	6.14617671927e-16	1.01193785573e-14	0.0338748716806	2.20447230552e-13	0.103788256183	2.47573991215e-15
5 (pp) 24	0.500014631666	0.500012234479	0.500016218288	0.500212033001	0.500009418577	0.500015639113	0.500203873215	0.50001479838	0.500203472773	0.500016182915	0.500204978549	0.500206566433	0.500199312986	0.500008832705	0.500205444078	0.500194930417	0.500170521019	0.500020883127	0.500009292935	0.500203675073	0.500021472854	0.50020500185	0.500190258187	0.500205690491	0.500201708235	0.500007892598	0.500006670804	0.500206100678	0.500206211664	0.500201187428	0.500014429584	0.500199380746	0.500205523746	0.500203539295	0.500206840685	0.500203275151	0.500206586243	0.500169958739	0.500207935481	0.500204547852
24 (pp) 5	0.0779449446919	0.111776980921	0.057922045738	4.4976067293e-16	0.169419589033	0.0663868102208	1.71261565347e-14	0.0826572715039	2.21905814882e-14	0.0618508228668	5.04292784402e-15	5.34054945842e-16	1.49201227068e-13	0.187822644733	2.50804597123e-15	4.23340119681e-15	2.30121228457e-12	0.0261398003156	0.172394410387	5.04723690128e-15	0.0264009382128	3.54073920088e-15	1.08797419082e-13	1.55049448346e-15	2.02484479213e-14	0.204608005202	0.248076451447	2.26465901783e-15	1.47120265215e-15	2.4771295822e-15	0.0798606068332	1.74251340434e-14	3.94923336148e-16	2.0130113437e-15	9.53638730069e-16	1.57011940223e-14	6.77488196078e-16	3.42045187754e-13	6.18951418351e-16	3.84134979134e-15
5 (pp) 25	0.500206521406	0.500209254576	0.500014875542	0.500014402173	0.500208756427	0.500210039272	0.500203821919	0.500008551073	0.500203421156	0.50020490661	0.500006421024	0.500019245985	0.500199259161	0.500205586345	0.500205395341	0.500003466334	0.500170470268	0.500017687424	0.500012555812	0.500203625728	0.500207831331	0.500020416175	0.500190207351	0.500205642383	0.500201657214	0.500197483654	0.500204865901	0.500206051933	0.500007646614	0.500201139718	0.500207761539	0.500199330553	0.500010945742	0.500000684174	0.500206792988	0.500203224145	0.500011210557	0.500169911515	0.500207888123	0.500204498704
25 (pp) 5	7.08908924333e-16	3.96162017667e-16	0.0718899757117	0.0832106513455	4.89316322447e-16	3.7684965508e-16	1.72632961375e-14	0.199348259171	2.2368275037e-14	1.10392838406e-15	0.262997954568	0.0364147237915	1.50395972485e-13	1.55199727261e-15	2.52812942822e-15	0.357162274307	2.31963949782e-12	0.0446145974982	0.107181788063	5.08765321199e-15	6.79949990861e-16	0.0351259866715	1.09668626513e-13	1.56291024045e-15	2.04105896195e-14	1.72637558033e-15	1.58213287397e-15	2.28279352674e-15	0.220007406669	2.49696547278e-15	5.14023811201e-16	1.75646677418e-14	0.131456034761	0.471800305344	9.6127509824e-16	1.58269230793e-14	0.130720132753	3.44784152629e-13	6.23907740658e-16	3.87210982693e-15
5 (pp) 28	0.331715137495	0.224560273839	0.236485227863	0.269728627199	0.18811799599	0.243359296993	0.489450439283	0.315324516787	0.391849348858	0.45770346837	0.129964443471	0.108665893071	0.45769815735	0.453907964923	0.283787097112	0.495884226489	0.337994724537	0.470056042388	0.458310965366	0.363372012995	0.499743116931	0.487416885588	0.457689031507	0.261353567178	0.475747506582	0.496448543525	0.198375034029	0.455359333893	0.441589657058	0.267255595776	0.19419638364	0.457698059557	0.116514451303	0.457290814432	0.182029472586	0.492374522293	0.0977265037825	0.337994076771	0.205910632092	0.338025114158
28 (pp) 5	4.88132806775e-16	2.72788392734e-16	0.0506491089531	0.0778144696444	3.36934199284e-16	2.59489701128e-16	1.18867886897e-14	0.146464658013	1.54020236557e-14	7.60121474998e-16	0.197478373315	0.153797047272	1.0355678172e-13	1.0686444631e-15	0.0949983685815	2.93828391156e-15	1.59723300082e-12	1.69055543768e-16	5.15985520076e-16	3.50319149409e-15	4.68184824545e-16	2.45752893156e-15	7.5513505638e-14	0.169984803221	1.40539039083e-14	1.18870961824e-15	1.08942637906e-15	1.57184197864e-15	1.02112550095e-15	0.183027109423	0.0408408226264	1.20943391552e-14	0.206660376908	1.39717939628e-15	6.61917179025e-16	1.08977585309e-14	0.187364183959	2.37407567782e-13	0.156019352839	2.6662152719e-15
5 (pp) 29	0.211883772314	0.454290188072	0.390421677836	0.494640926914	0.499577214763	0.430590586482	0.488773202146	0.383490239806	0.497191450555	0.206150122156	0.494288651553	0.49940189372	0.45521794965	0.205232192675	0.499265622895	0.0938842286889	0.331120042261	0.314427454609	0.460308143169	0.497578231697	0.499708942572	0.499170394419	0.227700814361	0.409434796313	0.0439299464583	0.496206193525	0.442471309747	0.49937975722	0.263940328667	0.200181406322	0.441038323786	0.025291913794	0.49982363433	0.471786422172	0.0390550780527	0.491877083435	0.397232819417	0.0696307651807	0.462344776728	0.00111251080482
29 (pp) 5	0.09185630423	5.6410174407e-16	0.111934058423	0.00654151181932	6.96742734599e-16	0.0558321699079	2.45814190896e-14	3.21717732078e-15	3.18504336157e-14	0.14765106177	7.23818270321e-15	7.66535910315e-16	2.14151460649e-13	2.20997754982e-15	3.59983059397e-15	6.07657920708e-15	3.30301841177e-12	0.260995423461	1.06703781359e-15	7.24436516438e-15	9.68188037975e-16	5.08206850091e-15	1.56163184165e-13	2.22546415342e-15	2.90651460371e-14	2.45820538146e-15	2.25282831725e-15	3.25049413786e-15	2.11168821371e-15	3.55557348863e-15	7.31928056078e-16	0.203270237075	5.66838504468e-16	2.88930867964e-15	0.0269072487964	2.25361425647e-14	9.72417032014e-16	4.90971957146e-13	8.88392040181e-16	5.51446251515e-15
5 (pp) 31	0.331541188876	0.286627431369	0.324744189875	0.465208348566	0.188115682312	0.370837225684	0.489446327634	0.315492775154	0.464523762161	0.457699690395	0.434275776863	0.205179848993	0.457693872027	0.453904141721	0.357391885025	0.495880459784	0.337991082085	0.469869036561	0.45830720499	0.363186729329	0.499739310964	0.487412947768	0.457684984158	0.261361035122	0.475743424794	0.496444828113	0.198372588513	0.455355456118	0.441585848115	0.267404916842	0.242396572013	0.457694063335	0.238196458266	0.457101672611	0.182027194584	0.49237043304	0.286749963358	0.337990687427	0.310040054574	0.338021586534
31 (pp) 5	0.10752536783	0.0720729602999	2.88713139419e-16	0.0398853465165	6.38720962692e-16	4.91903573789e-16	2.25336019061e-14	2.94918418346e-15	2.91971537922e-14	1.44095055149e-15	6.63522799826e-15	0.201987090437	1.96310993226e-13	2.02581281952e-15	0.165734436902	5.57005947345e-15	3.02784995435e-12	0.0220024167204	9.78145788756e-16	0.28560455094	8.87530747802e-16	4.6586996759e-15	1.43149787465e-13	0.0395789596968	2.66417687873e-14	2.25341848153e-15	2.06520877694e-15	2.9797165854e-15	1.9357318562e-15	3.25933825975e-15	0.128727841712	2.2927052121e-14	0.127095351122	0.074063841602	1.2547861829e-15	2.06587126948e-14	0.19410802793	4.50049863048e-13	0.146164515991	5.05430315127e-15
6 (pp) 27	9.41918038695e-15	0.122568395428	0.1958770545	1.53963834806e-14	0.367913763951	0.175575016074	4.24788407511e-12	6.31015824107e-15	3.14660558454e-13	0.330140546354	3.14650033719e-13	0.113220893909	4.24802116716e-12	0.113780496902	1.8796428722e-14	5.42852585437e-16	6.8126250589e-15	0.239053094683	8.32938055785e-14	5.58942292566e-14	4.24758917515e-12	0.327831258923	4.24802850759e-12	0.306345910922	1.93532623498e-14	1.76258189163e-16	0.435778612084	4.01128682882e-15	0.435044430022	5.56132681215e-16	0.315748594463	4.2480300851e-12	2.18594697007e-15	1.88036485143e-14	0.388824513459	4.24785176696e-12	0.1405180852	4.21496120576e-16	7.88849407529e-15	4.24815122243e-12
27 (pp) 6	0.00225805196533	0.0449752103617	0.101456893443	0.318721848789	0.33674693798	0.228446010623	0.335916175022	0.374148839629	0.0658067953621	0.48340285188	0.0658050572617	0.175245894065	0.33592358145	0.475113679641	0.0044859853411	0.499665339126	0.499235096199	0.36712011049	0.0192844510958	0.0131076567115	0.335904941312	0.335769866984	0.335914825442	0.265539049643	0.497453719831	0.500060375233	0.335767305845	0.464257563722	0.33576732809	0.472625310472	0.342003995353	0.335912943703	0.0893073564372	0.400892893706	0.256763020241	0.335915324734	0.0619326466944	0.499889504872	0.001892545178	0.335909882383
6 (pp) 21	3.3757114052e-15	0.0673735421662	0.111658690115	1.45484267526e-15	0.409198578697	0.155010822419	1.78754461633e-13	6.18093782872e-15	3.4265928068e-14	0.126406060799	8.21980042398e-15	0.0459951672301	6.63343991609e-13	0.153877407261	3.98999021028e-15	8.19455715427e-15	1.64924385261e-14	0.131042815827	1.51802638318e-14	8.88543180078e-15	7.92684499804e-15	0.121178924966	6.63343290668e-13	0.305370327321	4.24064361916e-14	2.45845767805e-15	0.416994263216	5.80267992816e-15	0.29157782487	1.78476666633e-15	0.263690930358	6.63343139953e-13	4.81690825426e-16	9.01091447938e-15	0.405622019998	1.3093045712e-13	0.0157136280717	5.43672142042e-15	1.09225362934e-15	2.05834419518e-12
21 (pp) 6	0.49963128384	0.487958857826	0.470095880542	0.347669194568	0.329889263566	0.4131295293	0.33105007998	0.287231683736	0.481960985185	0.0603926993088	0.481962259292	0.440585668268	0.331050483526	0.0866531351187	0.49907438603	0.00216138090255	0.00387043911612	0.295752436899	0.495227222847	0.496860072474	0.331054002172	0.330893682484	0.331041174831	0.389677134059	0.0108231889389	0.000601240670346	0.330884656318	0.11835312397	0.330887619081	0.0947382506748	0.324440759551	0.331039174317	0.474444627762	0.249032717114	0.395603811854	0.331050897462	0.48295636431	0.00127900889974	0.499730445821	0.331029738903
7 (pp) 8	5.87433940154e-12	9.2515727999e-14	3.33797164759e-14	7.73027351466e-14	4.15632301257e-15	0.280249973764	5.87518989616e-12	2.92289311479e-14	5.87479409337e-12	4.0843184666e-15	5.87480897541e-12	2.34059031905e-14	5.87519007e-12	4.66273817327e-14	5.87441136309e-12	0.31122861709	2.34065888609e-14	2.0363881369e-14	5.87464258589e-12	5.87456014409e-12	5.8751896334e-12	4.35179034712e-13	5.87518986454e-12	1.80211680244e-14	6.63847834884e-14	0.304394180511	1.37910343506e-14	1.465099815e-14	1.15195708699e-13	0.20883555868	6.5205049309e-15	5.87518982047e-12	3.59318195035e-14	7.73031012025e-14	2.75173521237e-14	5.87518987623e-12	2.25952767423e-13	0.304079659442	5.87431216776e-12	5.87518974885e-12
8 (pp) 7	5.87433940154e-12	9.2515727999e-14	3.33797164759e-14	7.73027351466e-14	4.15632301257e-15	0.280249973764	5.87518989616e-12	2.92289311479e-14	5.87479409337e-12	4.0843184666e-15	5.87480897541e-12	2.34059031905e-14	5.87519007e-12	4.66273817327e-14	5.87441136309e-12	0.31122861709	2.34065888609e-14	2.0363881369e-14	5.87464258589e-12	5.87456014409e-12	5.8751896334e-12	4.35179034712e-13	5.87518986454e-12	1.80211680244e-14	6.63847834884e-14	0.304394180511	1.37910343506e-14	1.465099815e-14	1.15195708699e-13	0.20883555868	6.5205049309e-15	5.87518982047e-12	3.59318195035e-14	7.73031012025e-14	2.75173521237e-14	5.87518987623e-12	2.25952767423e-13	0.304079659442	5.87431216776e-12	5.87518974885e-12
7 (pp) 11	5.87433940154e-12	9.2515727999e-14	3.33797164759e-14	7.73027351466e-14	4.15632301257e-15	0.280249973764	5.87518989616e-12	2.92289311479e-14	5.87479409337e-12	4.0843184666e-15	5.87480897541e-12	2.34059031905e-14	5.87519007e-12	4.66273817327e-14	5.87441136309e-12	0.31122861709	2.34065888609e-14	2.0363881369e-14	5.87464258589e-12	5.87456014409e-12	5.8751896334e-12	4.35179034712e-13	5.87518986454e-12	1.80211680244e-14	6.63847834884e-14	0.304394180511	1.37910343506e-14	1.465099815e-14	1.15195708699e-13	0.20883555868	6.5205049309e-15	5.87518982047e-12	3.59318195035e-14	7.73031012025e-14	2.75173521237e-14	5.87518987623e-12	2.25952767423e-13	0.304079659442	5.87431216776e-12	5.87518974885e-12
11 (pp) 7	5.87433940154e-12	9.2515727999e-14	3.33797164759e-14	7.73027351466e-14	4.15632301257e-15	0.280249973764	5.87518989616e-12	2.92289311479e-14	5.87479409337e-12	4.0843184666e-15	5.87480897541e-12	2.34059031905e-14	5.87519007e-12	4.66273817327e-14	5.87441136309e-12	0.31122861709	2.34065888609e-14	2.0363881369e-14	5.87464258589e-12	5.87456014409e-12	5.8751896334e-12	4.35179034712e-13	5.87518986454e-12	1.80211680244e-14	6.63847834884e-14	0.304394180511	1.37910343506e-14	1.465099815e-14	1.15195708699e-13	0.20883555868	6.5205049309e-15	5.87518982047e-12	3.59318195035e-14	7.73031012025e-14	2.75173521237e-14	5.87518987623e-12	2.25952767423e-13	0.304079659442	5.87431216776e-12	5.87518974885e-12
7 (pp) 27	1.33164493737e-14	3.93364333236e-15	2.45615549679e-15	2.17658475399e-14	8.31006836089e-16	0.153179153036	6.00571867615e-12	8.92071238999e-15	4.44868050166e-13	8.68770186787e-15	4.44868049862e-13	2.57112386267e-15	6.00571868223e-12	1.77946764593e-14	2.65739764194e-14	0.216576341732	9.63117410485e-15	4.4323252578e-15	1.17759189556e-13	7.90226140996e-14	6.00571866787e-12	6.75973024875e-14	6.00571867553e-12	2.39947358507e-15	2.7360173736e-14	0.194695705533	3.20951730901e-15	5.67083456051e-15	2.70801395653e-14	0.118023005788	1.41754610756e-15	6.00571867339e-12	3.09016044048e-15	2.65829214511e-14	5.28423230355e-15	6.00571867535e-12	1.14414476001e-14	0.211529366015	1.11526809069e-14	6.00571867218e-12
27 (pp) 7	0.500189157017	0.500195710633	0.500195566808	0.500188756601	0.500205620265	0.181189518866	0.500166185321	0.500198845956	0.500184069627	0.500192632511	0.500177086214	0.500197335027	0.500174376033	0.500190879678	0.500191020089	0.087839876474	0.50020536654	0.500190734542	0.500176262287	0.500186655773	0.500153761792	0.500186832262	0.500164693074	0.500203056554	0.500199782663	0.110976263619	0.500200613916	0.500200490654	0.500188625289	0.320707592557	0.500201775022	0.500162612108	0.500193602771	0.500188017386	0.500196601255	0.500165244964	0.500189868383	0.112002220424	0.500190767073	0.500159226833
8 (pp) 11	5.87433940154e-12	9.2515727999e-14	3.33797164759e-14	7.73027351466e-14	4.15632301257e-15	0.280249973764	5.87518989616e-12	2.92289311479e-14	5.87479409337e-12	4.0843184666e-15	5.87480897541e-12	2.34059031905e-14	5.87519007e-12	4.66273817327e-14	5.87441136309e-12	0.31122861709	2.34065888609e-14	2.0363881369e-14	5.87464258589e-12	5.87456014409e-12	5.8751896334e-12	4.35179034712e-13	5.87518986454e-12	1.80211680244e-14	6.63847834884e-14	0.304394180511	1.37910343506e-14	1.465099815e-14	1.15195708699e-13	0.20883555868	6.5205049309e-15	5.87518982047e-12	3.59318195035e-14	7.73031012025e-14	2.75173521237e-14	5.87518987623e-12	2.25952767423e-13	0.304079659442	5.87431216776e-12	5.87518974885e-12
11 (pp) 8	5.87433940154e-12	9.2515727999e-14	3.33797164759e-14	7.73027351466e-14	4.15632301257e-15	0.280249973764	5.87518989616e-12	2.92289311479e-14	5.87479409337e-12	4.0843184666e-15	5.87480897541e-12	2.34059031905e-14	5.87519007e-12	4.66273817327e-14	5.87441136309e-12	0.31122861709	2.34065888609e-14	2.0363881369e-14	5.87464258589e-12	5.87456014409e-12	5.8751896334e-12	4.35179034712e-13	5.87518986454e-12	1.80211680244e-14	6.63847834884e-14	0.304394180511	1.37910343506e-14	1.465099815e-14	1.15195708699e-13	0.20883555868	6.5205049309e-15	5.87518982047e-12	3.59318195035e-14	7.73031012025e-14	2.75173521237e-14	5.87518987623e-12	2.25952767423e-13	0.304079659442	5.87431216776e-12	5.87518974885e-12
8 (pp) 27	1.33164493737e-14	3.93364333236e-15	2.45615549679e-15	2.17658475399e-14	8.31006836089e-16	0.153179153036	6.00571867615e-12	8.92071238999e-15	4.44868050166e-13	8.68770186787e-15	4.44868049862e-13	2.57112386267e-15	6.00571868223e-12	1.77946764593e-14	2.65739764194e-14	0.216576341732	9.63117410485e-15	4.4323252578e-15	1.17759189556e-13	7.90226140996e-14	6.00571866787e-12	6.75973024875e-14	6.00571867553e-12	2.39947358507e-15	2.7360173736e-14	0.194695705533	3.20951730901e-15	5.67083456051e-15	2.70801395653e-14	0.118023005788	1.41754610756e-15	6.00571867339e-12	3.09016044048e-15	2.65829214511e-14	5.28423230355e-15	6.00571867535e-12	1.14414476001e-14	0.211529366015	1.11526809069e-14	6.00571867218e-12
27 (pp) 8	0.500189157017	0.500195710633	0.500195566808	0.500188756601	0.500205620265	0.181189518866	0.500166185321	0.500198845956	0.500184069627	0.500192632511	0.500177086214	0.500197335027	0.500174376033	0.500190879678	0.500191020089	0.087839876474	0.50020536654	0.500190734542	0.500176262287	0.500186655773	0.500153761792	0.500186832262	0.500164693074	0.500203056554	0.500199782663	0.110976263619	0.500200613916	0.500200490654	0.500188625289	0.320707592557	0.500201775022	0.500162612108	0.500193602771	0.500188017386	0.500196601255	0.500165244964	0.500189868383	0.112002220424	0.500190767073	0.500159226833
9 (pp) 10	0.0816349550239	2.10268707621e-15	0.215262930803	0.359286569956	0.340137379791	0.238900072066	1.77343461708e-12	1.57311960087e-15	1.77343461734e-12	4.09873424832e-16	2.03103737376e-14	0.226972382469	1.77343461887e-12	2.6211182535e-15	1.77343461543e-12	6.68729698968e-15	1.77343461664e-12	1.02231592934e-15	1.71051599526e-14	1.77343461566e-12	0.366715316754	1.77343461565e-12	8.4370413211e-15	2.31869550782e-14	1.14291481274e-14	0.162346139402	5.69891683269e-15	2.18060747464e-14	7.48758614068e-15	5.05976065969e-15	1.09565666932e-15	7.4483846813e-15	1.77343461361e-12	7.49191119321e-15	0.149609831611	1.77343461684e-12	0.332628598967	1.09303579335e-14	0.233805395883	0.00857965133785
10 (pp) 9	0.396633051602	0.500199406235	0.248352644251	0.46783531993	0.21250241612	0.291272529439	0.50017403047	0.350505020145	0.500175119816	0.169860388364	0.50019630447	0.143607226888	0.500182607844	0.500202426843	0.500165350415	0.500192237604	0.500172178721	0.500199199709	0.00608916460095	0.500167408935	0.191843151841	0.500166704326	0.500206555028	0.500189374389	0.50020536677	0.352952063792	0.500197162566	0.500192259066	0.500196387186	0.00307345523257	0.500203295081	0.50020472948	0.500156793411	0.500195634746	0.357460515834	0.500173045722	0.192044466647	0.500190346906	0.28501254731	0.480992190107
10 (pp) 17	0.500205394358	0.500006615552	0.500010240905	0.500194976974	0.500197802715	0.500007841777	0.500174242069	0.500008303221	0.50017533274	0.500210997273	0.500000076929	0.500013139814	0.500182829872	0.500003246622	0.500165551461	0.500192431378	0.500172388068	0.500199389575	0.500187880196	0.500167612483	0.500199414582	0.500166907018	0.500206764727	0.500189572837	0.50000956163	0.500003607767	0.500004196269	0.500192460143	0.500011578208	0.500197112655	0.500001124037	0.500204936529	0.500156984052	0.500195832633	0.50001402517	0.500173256124	0.500196980672	0.500000277174	0.500012543848	0.500018512086
17 (pp) 10	8.5756527573e-16	0.24593851638	0.146693663528	7.71848582904e-15	3.11146887183e-15	0.209968974185	1.71603761975e-12	0.205862454794	1.71603762e-12	3.96592937885e-16	0.497120374591	0.0965514144138	1.71603762149e-12	0.368729385269	1.71603761815e-12	6.47086342977e-15	1.71603761933e-12	9.89228797685e-16	1.65495561443e-14	1.71603761838e-12	2.79734397635e-15	1.71603761837e-12	8.1639774971e-15	2.24365120758e-14	0.183341923604	0.349741572877	0.332424018555	2.11003237692e-14	0.128220159933	4.89532472339e-15	0.452735753193	7.20731861011e-15	1.71603761639e-12	7.24943639172e-15	0.0875127023405	1.71603761952e-12	3.43740879815e-15	0.488508530642	0.107962723691	0.0472779279343
10 (pp) 20	0.298009642408	0.358355228448	0.499196487408	0.500031279884	0.444444278127	0.401523730355	0.498490531916	0.238427870353	0.343975500674	0.350941052017	0.497758750363	0.276070162476	0.496385298816	0.252787268676	0.343966600412	0.34399081926	0.491587853264	0.499233256395	0.343986717283	0.343968475785	0.498849708036	0.343967833865	0.066607147039	0.343988267144	0.28419866885	0.363261595119	0.173452840973	0.28260088547	0.0239158213404	0.343995063056	0.499383189342	0.0572549286315	0.343958804775	0.00212863752337	0.317919862204	0.343973611093	0.498275388752	0.343989119738	0.330372096236	0.235309210129
20 (pp) 10	0.263793793086	0.237184293654	1.25160181687e-15	6.19822576083e-15	0.0703802792838	0.0360042427449	1.37804104235e-12	0.172305506623	1.37806386086e-12	0.0339365559895	1.57821045523e-14	1.42325593587e-15	1.37804137007e-12	2.03678350861e-15	1.37806257306e-12	5.19641849249e-15	1.37804200775e-12	7.94386878921e-16	1.32901006778e-14	1.37806284429e-12	2.24636953876e-15	1.3780627515e-12	0.165734593512	1.80176185669e-14	8.88118734399e-15	1.87546203136e-15	4.42848856248e-15	0.405777754922	5.81872239953e-15	3.93118511286e-15	8.51376024479e-16	5.78814800702e-15	1.37806144498e-12	5.82242342562e-15	0.184212316802	1.37806358738e-12	2.76036515121e-15	8.49352417946e-15	0.147147558088	0.186112911099
10 (pp) 30	0.204074668612	0.221635914637	0.500045575766	0.500037440278	0.392367119766	0.431762196814	0.50000537576	0.0988494149784	0.500005409409	0.122786425497	0.500033032739	0.386029784042	0.500005640702	0.500007982013	0.500005107664	0.500037790411	0.500005318555	0.500047867067	0.500032428748	0.500005171222	0.500043172284	0.500005149476	0.010014733917	0.500031202076	0.500015951263	0.500011987576	0.0303758680932	0.185631564047	0.500015229338	0.500040051104	0.500048540558	0.500003784822	0.500004843346	0.500000348681	0.239464093311	0.500005345334	0.500041690529	0.500035081474	0.314670778849	0.04647246327
30 (pp) 10	0.143456609607	0.200245073814	0.000393904957687	0.0019476777378	0.0333511426081	0.0721665613798	0.302586153044	0.209048853566	0.302586153075	0.0568403401835	0.00494434299442	0.128677543789	0.302586153257	0.210299913742	0.302586152847	0.00163336772968	0.302586152992	0.000250045949146	0.00416681887754	0.302586152875	0.00070675762551	0.302586152874	0.434652854451	0.00564066591254	0.0763707648874	0.112783100409	0.305371585809	0.236754032939	0.0743644698508	0.00123616372098	0.000267979388367	0.354211260973	0.302586152631	0.485718662373	0.154620714775	0.302586153016	0.000868331564825	0.00266696851973	0.130747122149	0.151756592561
11 (pp) 27	1.33164493737e-14	3.93364333236e-15	2.45615549679e-15	2.17658475399e-14	8.31006836089e-16	0.153179153036	6.00571867615e-12	8.92071238999e-15	4.44868050166e-13	8.68770186787e-15	4.44868049862e-13	2.57112386267e-15	6.00571868223e-12	1.77946764593e-14	2.65739764194e-14	0.216576341732	9.63117410485e-15	4.4323252578e-15	1.17759189556e-13	7.90226140996e-14	6.00571866787e-12	6.75973024875e-14	6.00571867553e-12	2.39947358507e-15	2.7360173736e-14	0.194695705533	3.20951730901e-15	5.67083456051e-15	2.70801395653e-14	0.118023005788	1.41754610756e-15	6.00571867339e-12	3.09016044048e-15	2.65829214511e-14	5.28423230355e-15	6.00571867535e-12	1.14414476001e-14	0.211529366015	1.11526809069e-14	6.00571867218e-12
27 (pp) 11	0.500189157017	0.500195710633	0.500195566808	0.500188756601	0.500205620265	0.181189518866	0.500166185321	0.500198845956	0.500184069627	0.500192632511	0.500177086214	0.500197335027	0.500174376033	0.500190879678	0.500191020089	0.087839876474	0.50020536654	0.500190734542	0.500176262287	0.500186655773	0.500153761792	0.500186832262	0.500164693074	0.500203056554	0.500199782663	0.110976263619	0.500200613916	0.500200490654	0.500188625289	0.320707592557	0.500201775022	0.500162612108	0.500193602771	0.500188017386	0.500196601255	0.500165244964	0.500189868383	0.112002220424	0.500190767073	0.500159226833
12 (pp) 28	3.81213371424e-15	0.21877641405	0.262252253555	0.365240865195	1.87103228655e-15	0.312567735	1.43654142781e-13	1.3275742794e-14	0.204754544139	5.29164502151e-15	0.446063243123	0.345440372132	5.34445772937e-13	4.28237588527e-14	0.223345565319	5.83361659625e-14	1.67048737397e-12	1.81732032697e-15	1.03414223778e-14	1.92849157771e-14	6.36475251637e-15	1.26040518405e-14	5.34423107968e-13	3.74242178547e-15	3.18097164571e-13	5.07941800196e-14	6.0271129031e-15	8.84289207698e-15	1.4035544912e-14	1.0141592404e-14	0.197947268278	5.34418237168e-13	0.366374599696	1.40054728569e-14	6.41475092517e-15	1.05194945564e-13	0.422164609943	1.6704071542e-12	0.297235378428	1.67045093053e-12
28 (pp) 12	3.68726563382e-15	1.50148761305e-15	0.229560437782	0.361937347179	1.80974581851e-15	2.77419012265e-15	1.38948680047e-13	0.369725534559	3.252856037e-14	5.11831489155e-15	0.444439620789	0.358028939317	5.16939714604e-13	4.14210476024e-14	0.21923751974	5.64253399703e-14	1.61576974581e-12	1.75779325251e-15	1.00026846369e-14	1.8653229399e-14	6.15627228358e-15	1.21912003075e-14	5.16917817843e-13	0.289876050832	3.07677735508e-13	4.91303955185e-14	5.82969215553e-15	8.55323912322e-15	1.35758043855e-14	0.359581824959	0.193978837244	5.16913112134e-13	0.368396225338	1.35467173955e-14	6.20463294835e-15	1.01749233414e-13	0.418583822803	1.61569224884e-12	0.371836886258	1.61573453933e-12
12 (pp) 21	2.70834820877e-15	0.224195949761	0.240528257643	0.239840442927	5.61173621648e-16	0.298939536366	1.43422264983e-13	4.95898550515e-15	0.220682605712	1.44746100735e-15	0.316772004363	0.188043303952	5.32211727382e-13	1.43043288424e-14	0.161800787385	6.57410301564e-15	1.3230113417e-14	1.20751456358e-15	1.21795286645e-14	7.12885266807e-15	6.36048471698e-15	1.08463390639e-14	5.32210248138e-13	1.35551317446e-15	3.40204552674e-14	1.97225247432e-15	1.6867500119e-15	4.65541721117e-15	8.21443028953e-15	1.43186943931e-15	0.0698607807173	5.32209930176e-13	0.258125002428	7.2295084103e-15	3.21684127326e-15	1.05051843128e-13	0.240835223483	4.3612207886e-15	0.155614808971	1.65139234931e-12
21 (pp) 12	0.335303902772	0.374315548515	0.26724297836	0.0533336732383	0.434750045674	0.291325856808	0.0404441486783	0.182634154715	0.117549047337	0.135558937992	0.0445262070828	0.247067986651	0.135553048961	0.145027246943	0.241989925381	0.0168289340165	0.32894437916	0.102206227006	0.134007791925	0.300719084756	0.00186396845322	0.0475504697176	0.135548084827	0.276901340031	0.0853685741718	0.0146855059884	0.429664752334	0.141451338838	0.17357124636	0.218192071464	0.340558288183	0.135547018005	0.222664844149	0.136598384579	0.437655407293	0.0299405991224	0.143453684493	0.328937704625	0.183484163462	0.328912449051
14 (pp) 33	5.85864969152e-15	0.276968522791	0.388927273808	0.4310077165	0.405966116838	0.279360773042	1.14310768202e-13	2.19891505676e-14	2.95955116487e-14	0.256969000228	5.84942784112e-14	7.85689716766e-15	4.83063084194e-13	3.9302589266e-14	9.18147058929e-15	4.52405610481e-14	2.49590223998e-12	0.311911248447	9.32413664078e-15	2.577426251e-14	0.43280513903	1.01114547526e-14	4.83060480792e-13	8.06842016045e-15	2.67400970202e-13	3.93028190346e-14	1.85788676166e-14	0.296816052223	0.410947600498	2.12106072365e-14	0.4321543422	4.83038535269e-13	3.71488140625e-15	1.26797577678e-14	0.414611994989	8.27337384027e-14	1.02846819797e-14	2.49579257474e-12	0.327478747727	2.49585274797e-12
33 (pp) 14	7.63682779858e-15	3.84176470473e-15	0.350051796021	0.443171065971	0.424540024	0.361806231593	1.49005606791e-13	2.86631502415e-14	3.85781430818e-14	6.2345008674e-15	7.62480699379e-14	0.466711692021	6.29679155423e-13	5.12314478702e-14	1.19681690354e-14	5.89716730693e-14	3.25344176764e-12	0.0382012891045	1.21541361312e-14	3.35970940038e-14	6.33575472589e-15	1.3180415762e-14	6.29675761867e-13	0.229536519331	3.48560721339e-13	5.12317473772e-14	2.42178010549e-14	1.0517434009e-14	0.428691914977	2.76483086542e-14	0.446244380493	6.29647155589e-13	4.84239732458e-15	1.65282329032e-14	0.453548161151	1.07844528444e-13	1.34062197567e-14	3.25329881761e-12	0.356024155849	0.499209549032
15 (pp) 32	1.20803442543e-14	0.230213529196	0.212600129721	0.21080534033	0.358982917267	0.459484439132	2.35705069336e-13	0.392376359684	6.10249780913e-14	0.306350387855	1.20615808579e-13	1.6199875625e-14	9.96110735096e-13	0.48027456247	1.89324758511e-14	9.32845588141e-14	5.14646887415e-12	0.207665986131	0.457539029658	5.31480062127e-14	0.35335220998	2.08499007797e-14	9.96102566829e-13	1.66372531281e-14	5.51372064183e-13	0.480274531	3.83101053543e-14	1.66372477178e-14	2.79179440652e-14	0.453009271757	0.410047099879	9.9600967818e-13	7.65996408985e-15	2.61452462528e-14	4.53400701384e-14	1.70594265557e-13	2.12066782284e-14	5.14624274832e-12	1.21996259103e-14	5.14566049566e-12
32 (pp) 15	6.45018002123e-15	0.156807575485	0.141793370305	0.304152909808	0.288307218455	0.447429990356	1.25852384438e-13	0.354673632673	3.2583681907e-14	0.339263517586	0.362343951475	8.64976294572e-15	0.458735238133	0.464329708078	0.417714575117	4.98083651331e-14	2.74790602115e-12	0.221139995518	0.434026297655	0.45333273747	0.28153081486	0.355591017576	0.458724952512	0.432649588757	2.94399646071e-13	0.464329690691	0.409546316361	0.394659199996	1.49065093888e-14	0.418786130449	0.354513303059	5.31809490874e-13	4.08996186657e-15	1.39599949705e-14	2.4208880841e-14	9.10871164211e-14	1.13230955465e-14	2.74778528336e-12	6.51386927865e-15	2.7474743954e-12
16 (pp) 26	7.60356246624e-15	0.329681022898	5.87260250202e-12	5.87232372984e-12	1.33914382599e-13	0.0705350612765	5.87260100767e-12	0.372171081781	5.87334128365e-12	0.434636112368	5.87267939893e-12	0.133315817874	5.87269335358e-12	1.41431570243e-14	5.87334208621e-12	5.87334257781e-12	5.87285450277e-12	5.8726030829e-12	5.87334250913e-12	5.87334191705e-12	5.87262643648e-12	5.87334197495e-12	0.439473992123	5.8733422618e-12	1.98618029725e-13	2.72815007144e-14	0.445677503583	1.01013361135e-13	1.33932085138e-13	5.87334237271e-12	5.87256338021e-12	1.95141558916e-14	5.87334278969e-12	1.13999372111e-14	0.199716685485	5.87334145398e-12	5.87268007879e-12	5.87334250839e-12	1.32323002925e-14	0.440459811738
26 (pp) 16	7.60356246624e-15	0.329681022898	5.87260250202e-12	5.87232372984e-12	1.33914382599e-13	0.0705350612765	5.87260100767e-12	0.372171081781	5.87334128365e-12	0.434636112368	5.87267939893e-12	0.133315817874	5.87269335358e-12	1.41431570243e-14	5.87334208621e-12	5.87334257781e-12	5.87285450277e-12	5.8726030829e-12	5.87334250913e-12	5.87334191705e-12	5.87262643648e-12	5.87334197495e-12	0.439473992123	5.8733422618e-12	1.98618029725e-13	2.72815007144e-14	0.445677503583	1.01013361135e-13	1.33932085138e-13	5.87334237271e-12	5.87256338021e-12	1.95141558916e-14	5.87334278969e-12	1.13999372111e-14	0.199716685485	5.87334145398e-12	5.87268007879e-12	5.87334250839e-12	1.32323002925e-14	0.440459811738
16 (pp) 30	2.64286542093e-15	0.178888609886	2.36112197781e-14	3.87800557643e-15	2.16240441869e-14	0.0297006850747	3.97230943818e-14	0.259463919839	5.3361356793e-12	0.283345507556	5.75841979398e-14	0.15657588059	8.9934871079e-14	2.76962059114e-14	5.33613567355e-12	5.33613566947e-12	2.05235987589e-13	2.27715604624e-14	5.3361356705e-12	5.33613567425e-12	3.18258588743e-14	5.33613567423e-12	0.323387678939	5.33613567224e-12	3.02045415726e-13	2.05763586211e-14	0.326306968672	3.54265896815e-14	5.33613567232e-12	5.33613567176e-12	1.93338248946e-14	3.02045415632e-13	5.33613566807e-12	5.33613567107e-12	0.107090569256	5.33613567781e-12	4.53495949348e-14	5.33613567041e-12	6.23936573426e-15	0.288545574681
30 (pp) 16	0.50019873094	0.336957724827	0.500182410489	0.500199106775	0.500186322766	0.480301627346	0.500198462198	0.289382867592	0.500167990595	0.18780908529	0.500189815983	0.458351988461	0.500202729155	0.500188212511	0.500158618913	0.500152882082	0.500185900827	0.500181289842	0.500153683366	0.500160593628	0.500184944736	0.500159917705	0.17761156778	0.500156569464	0.500184420259	0.500183087181	0.163882154314	0.500189293206	0.500156724921	0.500155275165	0.500186354926	0.500181428228	0.500150410269	0.500156127207	0.428731025425	0.500166000938	0.500181723225	0.500153692047	0.500194215719	0.175480553711
19 (pp) 23	0.232916995342	0.350679277764	0.312061306327	0.382609379794	0.347817654779	0.2835078926	0.457142481348	0.310947016485	2.73946020082e-14	4.42711692128e-15	5.41442734913e-14	7.27225406984e-15	4.47139454573e-13	0.458138988392	0.272538505947	4.18761864717e-14	2.31029114573e-12	0.376223907206	0.414392146255	2.38575251509e-14	0.133310446172	0.380666166632	4.47137044773e-13	0.359149394062	2.47524489443e-13	0.458138958969	1.71972253819e-14	0.346171274974	0.41699704932	1.96332521798e-14	0.358341669443	4.47116731258e-13	3.43861930278e-15	1.17368106938e-14	2.03535210534e-14	7.65811337573e-14	0.302446278085	2.31018963587e-12	0.415736094045	2.30992825807e-12
23 (pp) 19	0.429331531878	0.374577808884	2.34112635897e-15	0.347603779334	0.296332320157	0.312371664285	0.465613782839	0.338026065593	3.48449005666e-14	5.63112575524e-15	6.88694738298e-14	9.25003290395e-15	5.68744522338e-13	0.466469109687	1.08101219648e-14	5.32649298327e-14	2.93860320472e-12	0.400261352153	0.43011793752	3.03458722055e-14	0.157834798009	0.405540189954	5.68741457175e-13	9.49963201517e-15	0.433391311663	0.466469072867	2.18742220927e-14	9.49969986316e-15	0.245689548307	2.4972756305e-14	0.361278619714	5.68715619152e-13	4.3737940657e-15	1.49287805488e-14	2.58889111473e-14	9.74083138813e-14	0.330215875265	2.93847408808e-12	0.400887717244	2.93814162534e-12
20 (pp) 30	0.426480979973	0.218476920952	1.27676887125e-14	2.09718628549e-15	0.261629950372	0.151826823989	2.14835929631e-14	0.159368722297	2.88564629241e-12	0.064826153086	3.11396231685e-14	9.84235783522e-15	4.86390152725e-14	1.49771099745e-14	2.88564667895e-12	2.88526756469e-12	1.10993875505e-13	1.23135315988e-14	2.88532970968e-12	2.8856465975e-12	1.7209823466e-14	2.88564662538e-12	0.0328998165924	2.88534482057e-12	1.63330555554e-13	1.112688244e-14	1.18945962223e-15	0.435688386046	2.88547922589e-12	2.88524226498e-12	1.04546471342e-14	1.63336649577e-13	2.88564701752e-12	2.88564940232e-12	0.308097340601	2.88564637448e-12	2.45227022579e-14	2.8852990967e-12	0.351018801638	0.122925547798
30 (pp) 20	0.365278197822	0.306294526072	0.00399094822521	0.000659852314681	0.166704427077	0.247642617111	0.00667837673236	0.407220150515	0.322660646177	0.314777591177	0.00962313694016	0.382497285299	0.0148694633795	0.398488022567	0.322652259436	0.322647126268	0.0326849782718	0.00385009747524	0.322647843219	0.322654026604	0.0053646131442	0.322653421722	0.481522165396	0.322650425947	0.376460484514	0.300829772111	0.441642641073	0.377367291831	0.49396395765	0.32264926787	0.0032727330562	0.484539915516	0.322644913597	0.499626381971	0.348077031102	0.322658865619	0.00760941589621	0.322647851042	0.336280832623	0.40909752062
21 (pp) 27	0.500042131768	0.462480502786	0.36633555319	0.242865029567	0.162382201046	0.19640693327	0.500020240684	0.170626793625	0.500031057793	0.127479874411	0.500038768161	0.289351557154	0.500012389068	0.0384619932497	0.500042465517	0.000127769563379	0.00160109977665	0.136125049939	0.500033233024	0.500038040844	0.500037268624	0.131914915431	0.500011701142	0.190372385988	0.00453503859946	4.14888585424e-05	0.185446967906	0.0565682044971	0.186974374759	0.0271897882583	0.167271980859	0.500011553273	0.441866777208	0.145604917422	0.266775445656	0.500022117256	0.417386804082	9.92088254225e-05	0.500048955802	0.500004334913
27 (pp) 21	0.000811625706239	0.0215154198225	0.0365797354381	0.0259163767216	0.192188796909	0.0813475451504	0.0412384893107	0.230148315781	0.00817784018804	0.384423790451	0.00197399239885	0.0398287609215	0.137644815131	0.350895994034	0.000959175663831	0.470718248771	0.499028023855	0.094599063045	0.00363947517988	0.00213350648876	0.00190374443353	0.0420678893539	0.137644814998	0.117026705907	0.474536982473	0.490303528085	0.177305554485	0.358940790259	0.111623284917	0.434426487841	0.144362700471	0.137644814956	0.0185984738507	0.141476618117	0.170805803882	0.0305425127413	0.00492017733453	0.499721131685	0.000262755903386	0.331230363601
21 (pp) 28	0.335304078544	0.301278998286	0.250842565833	0.052381195629	0.434750239518	0.183336671352	0.0404441819278	0.350431061354	0.090093899695	0.135559030866	0.0434027964284	0.25945933422	0.135553154303	0.145027346527	0.240258374582	0.0168289469981	0.328944566269	0.102206297548	0.134007883453	0.300719258066	0.00186396992805	0.0475505068863	0.135548184316	0.392543165051	0.0853686407095	0.0146855171864	0.429664948563	0.141451437712	0.173571361734	0.388493930261	0.338738049809	0.135547116237	0.224757118084	0.136598479077	0.437655603359	0.0299406238655	0.138752170606	0.32893787873	0.241140881281	0.328912630244
28 (pp) 21	2.61963716361e-15	1.11674721347e-15	0.195957702586	0.233821507088	5.42792566238e-16	1.42076977959e-15	1.38724516376e-13	0.345998553217	2.65923363478e-14	1.40004990328e-15	0.309608810731	0.207176312918	5.14779309191e-13	1.38357953068e-14	0.157334919644	6.35877045699e-15	1.27967654505e-14	1.1679628255e-15	1.17805922523e-14	6.89534946899e-15	6.15214915468e-15	1.04910708339e-14	5.14777878399e-13	0.199681024745	3.29061265656e-14	1.90765200022e-15	1.63150107604e-15	4.50293056816e-15	7.94536935636e-15	0.152871108842	0.0677275047307	5.14777570852e-13	0.26211773697	6.99270826584e-15	3.11147470683e-15	1.01610904932e-13	0.231190968265	4.2183704516e-15	0.267256119405	1.59730154193e-12
21 (pp) 31	0.335129191699	0.374315020181	0.342059288224	0.115189318561	0.434746516787	0.291485565263	0.0404435433813	0.350608459924	0.117627902575	0.135557247257	0.189077989158	0.425907545447	0.135551131242	0.145025434061	0.307419224207	0.0168286976914	0.328940972886	0.102137430756	0.134006125678	0.300550839118	0.00186394160432	0.0475497930724	0.135546273653	0.392552389419	0.0853673628738	0.0146853021312	0.429661180017	0.141449538872	0.173569146019	0.388675058693	0.404791947204	0.135545229728	0.407360119048	0.136508616171	0.437651837957	0.0299401486825	0.37421662282	0.328934535077	0.35511894419	0.328909150467
31 (pp) 21	0.392678354462	0.241257967361	1.31887897641e-15	0.130620700075	1.02896349253e-15	2.69329275526e-15	2.62977925176e-13	9.09255918092e-15	5.0410293569e-14	2.65405299889e-15	1.2092361589e-14	0.266818174605	9.75859193393e-13	2.62283036769e-14	0.261095813138	1.20542230395e-14	2.42586308105e-14	0.13452063939	2.23322869583e-14	0.440371197745	1.16625342249e-14	1.98877611026e-14	9.75856481062e-13	0.047805514972	6.23796363891e-14	3.61630646176e-15	3.0928114158e-15	8.53613599788e-15	1.50619140919e-14	2.62541269935e-15	0.201328496343	9.7585589805e-13	0.16565985169	0.285882750409	5.89837459171e-15	1.92622224624e-13	0.239048245819	7.99669977569e-15	0.252476985175	3.02797988669e-12
22 (pp) 27	6.89177746364e-15	2.03581252834e-15	0.151350746075	0.404499411004	0.0865462873136	1.55503059688e-15	3.10819164057e-12	4.61681360277e-15	2.30236417861e-13	0.265271298393	2.30236417704e-13	0.0855429890348	3.10819164372e-12	0.454032785191	1.37530603442e-14	3.97181929026e-16	0.499598766754	0.345671826366	6.09449340394e-14	4.08972583973e-14	3.10819163629e-12	0.264888278631	3.10819164025e-12	0.244282528876	0.498858483381	0.00898447435996	1.66104931117e-15	0.484546932114	1.40150193442e-14	0.33360247358	0.252443848129	3.10819163914e-12	0.17244976727	0.453429065991	2.73479454472e-15	3.10819164016e-12	0.107305652989	0.0471063150223	5.77194361471e-15	3.10819163852e-12
27 (pp) 22	0.500193056545	0.500199596937	0.500010027404	0.500002325613	0.500013959174	0.50020165673	0.500170421589	0.500202894457	0.500188332412	0.500006066106	0.500181187272	0.500013922028	0.500178821093	0.500001116715	0.500195045066	0.500208867701	0.500000015496	0.50000368743	0.500180162023	0.500190730859	0.500157681368	0.500006293546	0.500168891302	0.500006817011	0.500000034517	0.50002732803	0.500204573303	0.500000383004	0.500192602202	0.500004144144	0.50000641173	0.500166757291	0.500009092761	0.500001128704	0.500200540295	0.500169457262	0.500012535139	0.500017809812	0.500194678088	0.50016328572
26 (pp) 30	2.64286542093e-15	0.178888609886	2.36112197781e-14	3.87800557643e-15	2.16240441869e-14	0.0297006850747	3.97230943818e-14	0.259463919839	5.3361356793e-12	0.283345507556	5.75841979398e-14	0.15657588059	8.9934871079e-14	2.76962059114e-14	5.33613567355e-12	5.33613566947e-12	2.05235987589e-13	2.27715604624e-14	5.3361356705e-12	5.33613567425e-12	3.18258588743e-14	5.33613567423e-12	0.323387678939	5.33613567224e-12	3.02045415726e-13	2.05763586211e-14	0.326306968672	3.54265896815e-14	5.33613567232e-12	5.33613567176e-12	1.93338248946e-14	3.02045415632e-13	5.33613566807e-12	5.33613567107e-12	0.107090569256	5.33613567781e-12	4.53495949348e-14	5.33613567041e-12	6.23936573426e-15	0.288545574681
30 (pp) 26	0.50019873094	0.336957724827	0.500182410489	0.500199106775	0.500186322766	0.480301627346	0.500198462198	0.289382867592	0.500167990595	0.18780908529	0.500189815983	0.458351988461	0.500202729155	0.500188212511	0.500158618913	0.500152882082	0.500185900827	0.500181289842	0.500153683366	0.500160593628	0.500184944736	0.500159917705	0.17761156778	0.500156569464	0.500184420259	0.500183087181	0.163882154314	0.500189293206	0.500156724921	0.500155275165	0.500186354926	0.500181428228	0.500150410269	0.500156127207	0.428731025425	0.500166000938	0.500181723225	0.500153692047	0.500194215719	0.175480553711
