0	9	0.500132542112	0.499935129484	0.500229472566	0.500083812734	0.500168399539	0.500108129934	0.499976349216	0.500180804858	0.500204758861	0.500210573291	0.499836443368	0.500212676269	0.500011801123	0.499931728981	0.500176460419	0.500071824418	0.500077467003	0.500038792359	0.50041188939	0.500187434379	0.500198599201	0.500139992812	0.499546654608	0.500173180015	0.500096551608	0.500199463303	0.499964821828	0.500039926002	0.500102423785	0.50037987901	0.499912341702	0.500095679576	0.500145847725	0.500151767746	0.500066866482	0.500216883774	0.50000711879	0.500218763327	0.500111668726	0.500123077609
9	0	0.500142249861	0.499936186981	0.50023907167	0.500093247033	0.500177992859	0.500118267343	0.499977860427	0.499982663604	0.500206243049	0.499994405117	0.499838071678	0.500200597326	0.50001354529	0.499932979995	0.500177634446	0.50007303103	0.500078798711	0.500039810431	0.50022067425	0.500188678391	0.500207998646	0.500141331345	0.499548954399	0.500174286674	0.500097963788	0.500208648608	0.499966075423	0.500041127931	0.500103703495	0.500219723282	0.499913486911	0.500097004195	0.500146862226	0.500152974644	0.500078442218	0.500218211292	0.500019652925	0.500219879083	0.500122345423	0.500133219357
0	10	0.500142540075	0.500122198694	0.500198890116	0.500132667042	0.500129227269	0.500086745044	0.500182383426	0.500384798313	0.500200297157	0.500388739896	0.500041249915	0.500179827706	0.500215068316	0.50011511767	0.500172931107	0.500068197151	0.500196840663	0.50019370156	0.500407831885	0.50018369468	0.500155224162	0.500135968971	0.499752806925	0.500169853221	0.500207621853	0.500195540568	0.500115429446	0.500157168426	0.500098576773	0.500376893895	0.500091925231	0.500199862949	0.500142797973	0.500148139621	0.500063470162	0.500212893046	0.49994931434	0.500215409186	0.500087436514	0.500193900446
10	0	0.500162245786	0.500310325366	0.50017790677	0.500190955645	0.500099648317	0.500075497563	0.500389928784	0.50039065057	0.500197319641	0.500350729629	0.500247684758	0.500134900198	0.500420831014	0.500299757342	0.500170575822	0.500065776495	0.500317546007	0.500349628797	0.500212559235	0.500181198993	0.500121248567	0.500133283662	0.49996125912	0.500167633087	0.500320104258	0.500200803139	0.500267290638	0.500275612762	0.500096009472	0.50021375305	0.500272653944	0.500305370922	0.500140762722	0.500145718393	0.500071649579	0.500210229836	0.499904044026	0.500213170802	0.500073880999	0.500274865022
1	10	0.499935794721	0.499964949878	0.500009542487	0.500064712273	0.500134577091	0.500112410631	0.5001777697	0.500236326412	0.500195765932	0.500195806963	0.500036278685	0.500163747025	0.500209562722	0.499926810411	0.500169346801	0.499853515821	0.50019277496	0.500182616834	0.500064668051	0.500179896709	0.500160467474	0.50013188243	0.499582680442	0.500012268978	0.499992633868	0.500200655012	0.499985551515	0.500153498936	0.499884350624	0.500047675987	0.500137156869	0.499998205221	0.5001397007	0.500036518648	0.500077073063	0.500208840135	0.499768993416	0.5001328714	0.499953819265	0.500243129493
10	1	0.500123434705	0.500154367358	0.500170179025	0.500276020758	0.500284728609	0.500149698646	0.500387159637	0.500233214168	0.50019460001	0.500144874991	0.500244701038	0.500309436084	0.500417526572	0.500112977096	0.50016842453	0.499852631934	0.500315105782	0.500130049781	0.500064064657	0.50017891946	0.500309014229	0.500130830929	0.499793939691	0.500011399628	0.500106837567	0.500358610419	0.500138942861	0.500273410343	0.499883395106	0.500047693252	0.500120265846	0.500105330046	0.500138903746	0.500035570555	0.500094340989	0.500207797288	0.499953432668	0.500131994904	0.500150709534	0.500191022958
1	2	0.499964588278	0.499933838708	0.500047852688	0.499930792833	0.499988669046	0.500059594437	0.499974504637	0.500189769363	0.500202947267	0.50022349498	0.499834455859	0.500022059677	0.500008907735	0.499930201999	0.500175027405	0.500070351631	0.500075841526	0.500247286681	0.50021767704	0.500185915941	0.500016076825	0.500138359004	0.499543847491	0.50017182923	0.500094827905	0.500046770427	0.499963291694	0.500038458931	0.500100861775	0.500217518229	0.500109961463	0.500094062751	0.500144609428	0.500150294611	0.500057777972	0.500215263411	0.499777409222	0.500217401438	0.499901222939	0.500256148727
2	1	0.500181041376	0.500092145022	0.500246799414	0.500008181903	0.499992912544	0.500044066259	0.499980629575	0.500140100066	0.50020896268	0.500200251027	0.499841055398	0.500026061414	0.500016746439	0.500119760272	0.500179785738	0.500286175566	0.500081238936	0.500259389478	0.500369625691	0.500190957925	0.50002023296	0.500143784077	0.499716273748	0.500330520098	0.500311228043	0.50005084129	0.500094423221	0.50004333035	0.500316317824	0.500386580358	0.500065875032	0.500297045074	0.500148721202	0.500263122466	0.500055750807	0.50022064384	0.499970264282	0.500301054968	0.500045516885	0.500217061428
2	18	0.500152285006	0.500123297136	0.500208518506	0.500142138823	0.500138858983	0.50005129663	0.500183941753	0.500166853263	0.500201824331	0.500172595001	0.500037242531	0.500167781413	0.500216969992	0.500116418128	0.500174143267	0.500069458714	0.500198211397	0.500194749784	0.500216652863	0.500184977288	0.500164658029	0.500137357007	0.499752157437	0.500170996076	0.500209073527	0.500204754451	0.500116732595	0.500158411633	0.500099909807	0.500217077042	0.500083455697	0.500201225981	0.500143849143	0.500149389231	0.500075102424	0.5002142569	0.499947181306	0.500217246642	0.500098162122	0.50020407428
18	2	0.500135992427	0.499909559915	0.50018025151	0.500038850802	0.499953784975	0.499849063133	0.49997501484	0.499952870097	0.500016259028	0.500109033191	0.499823073512	0.499996868859	0.500013345052	0.499925627348	0.499989378344	0.499932362987	0.500077104584	0.500152310105	0.500006761862	0.500024765187	0.499977796426	0.499930315833	0.499536734769	0.500158742914	0.500078984209	0.500045246957	0.499930399386	0.499961904384	0.499912432179	0.500085098398	0.499870216506	0.500197645221	0.499958345755	0.499970352904	0.500004752302	0.500084040849	0.499737685107	0.500168592189	0.499881204767	0.500139003089
2	10	0.50036870087	0.500281562478	0.500407435889	0.500219490402	0.500143064086	0.500081354276	0.500190019574	0.500136987821	0.500207796759	0.500149319055	0.500049477765	0.5001717505	0.500224180588	0.500305926924	0.500178863467	0.500285227689	0.50020356978	0.500206822431	0.500368565394	0.500189980676	0.500168779742	0.500142732577	0.499927533052	0.500329650749	0.500425434121	0.500208796736	0.500247814551	0.500163241774	0.500315312525	0.500385800295	0.500048984008	0.500404169848	0.500147924249	0.500262174374	0.500073018734	0.500219600993	0.500154703546	0.500300178473	0.500242407141	0.500164954891
10	2	0.500339907327	0.500312673637	0.500369125711	0.500353409798	0.500288972106	0.500134170469	0.500393284571	0.500183544874	0.500200615424	0.500121631035	0.500251300576	0.50031343782	0.5004248355	0.500302535337	0.500173182863	0.500068455894	0.500320503191	0.50014215258	0.500215556444	0.500183961443	0.500313170362	0.500136256003	0.499966366033	0.500170090531	0.50032324014	0.50036268128	0.500270074366	0.500278281761	0.500098851192	0.500215958103	0.500076179415	0.500308312366	0.500143015521	0.500148398426	0.500092313825	0.500213177717	0.500146287739	0.500215648447	0.500295003452	0.500151935655
2	29	0.50018242641	0.500075193371	0.500191293209	0.500029796993	0.499960691068	0.50006133157	0.500052303314	0.500168407195	0.500015511592	0.50020191241	0.499870068986	0.500006598389	0.500133746437	0.500153944341	0.499987688257	0.500143466181	0.500198974655	0.500199521884	0.50014937187	0.5000239224	0.499983252067	0.499928441839	0.499812202641	0.500145378905	0.500330868987	0.500086773749	0.500068808842	0.499963106355	0.500121063436	0.500247746419	0.500050241348	0.500337742661	0.499956623601	0.500076725889	0.500188424948	0.500086420503	0.499936303984	0.500296328498	0.500038210606	0.500420944827
29	2	0.500165149403	0.499928521969	0.500230291647	0.500079168409	0.499967967017	0.500098996556	0.500062805201	0.500022333342	0.500025825689	0.500181526423	0.49988138463	0.500013459813	0.500146278416	0.499978150121	0.499995846949	0.499940917754	0.500208229115	0.500235744999	0.500013658559	0.500032567442	0.499990378222	0.499937743731	0.499665079388	0.499998863821	0.50013000612	0.500093753695	0.49995146977	0.499971458946	0.499919687131	0.50009017231	0.499907910132	0.500297431321	0.499963673696	0.499977176688	0.500080385481	0.500095645849	0.499758503794	0.500224950877	0.49990673025	0.500212513712
2	5	0.500169524831	0.500269927569	0.500169490782	0.500092729927	0.500131544639	0.500059217468	0.500173392751	0.500332730938	0.50019146725	0.500192948996	0.50003156258	0.500160887339	0.500204339677	0.500292162877	0.500165946443	0.500271952168	0.50018891791	0.500158496515	0.500353715218	0.500176293651	0.500157497454	0.500128005612	0.499902229994	0.500317474933	0.500409896866	0.500197745929	0.500234022099	0.500150017766	0.500301232756	0.500374874994	0.50023540164	0.500241498916	0.50013676238	0.500248895703	0.500183085365	0.50020499522	0.500139648681	0.500287902565	0.500229593554	0.500412473313
5	2	0.500139346244	0.500317990375	0.500186686794	0.500205034268	0.500309674127	0.500094768351	0.500304984051	0.500350980855	0.500377736951	0.500163599595	0.500204371811	0.50032203768	0.500287464885	0.500254587229	0.500352363275	0.500197889763	0.500188115625	0.500153694264	0.500420960059	0.500337309908	0.500338868954	0.500336871232	0.499845134064	0.5003430559	0.500288061936	0.500315698033	0.500281896286	0.500345281721	0.50028002581	0.50034386675	0.500278230721	0.500104943799	0.500323951215	0.500321516313	0.500069706316	0.500332795255	0.50016519317	0.500208099008	0.500289496144	0.500195570675
3	27	0.499976073564	0.499911305664	0.499984568747	0.499984962352	0.500077921536	0.499867134176	0.500108441814	0.500177931271	0.500086966566	0.499997248977	0.499916940135	0.50013991165	0.500128449453	0.499919002244	0.500001692216	0.500008803587	0.499965018888	0.499994159013	0.500073077358	0.500038842509	0.500113426031	0.499975406567	0.499640366047	0.499933692522	0.500003036814	0.500166910938	0.499858260691	0.499929970305	0.49991281059	0.50014334084	0.499830450139	0.500135048469	0.499933546279	0.49997232893	0.499832867405	0.500147934852	0.499728965953	0.500157249445	0.49989889394	0.500148029867
27	3	0.500152285006	0.500123297136	0.500200677821	0.500142138823	0.500138858983	0.500078033085	0.500183941753	0.500186696839	0.500201824331	0.500172595001	0.500042957679	0.500167781413	0.500217818178	0.500116418128	0.500174143267	0.500069458714	0.500180083096	0.500194749784	0.500217007105	0.500184977288	0.500164658029	0.500137357007	0.499755298444	0.500145966164	0.500209073527	0.500204754451	0.500057648237	0.500143538748	0.500099909807	0.500217308973	0.500024080527	0.500201225981	0.500143849143	0.500149389231	0.500035036383	0.5002142569	0.499930066347	0.500217198086	0.500098162122	0.50020407428
4	13	0.500170157225	0.500148695333	0.500232772088	0.500129597887	0.50017547495	0.499889917925	0.500048022955	0.500009676844	0.500011307772	0.500143639509	0.500029185715	0.500003801809	0.500128638653	0.499965913053	0.499984362937	0.499929115007	0.500195202722	0.499978935623	0.500187146796	0.500020398853	0.500204775575	0.499924650574	0.499642583459	0.499988038784	0.500116192559	0.500083928862	0.500172782382	0.500169816907	0.49990716936	0.500080551948	0.499896708019	0.500136377177	0.500126663261	0.499965371149	0.500120360621	0.500082660437	0.499745119116	0.500214036855	0.499895350647	0.500201540646
13	4	0.500165130575	0.500143676635	0.500227799349	0.500124719035	0.500170508018	0.499893707251	0.500053206591	0.500213550193	0.500228146365	0.50013900607	0.500021898165	0.500007188546	0.500134824324	0.500134378956	0.499988389993	0.499933253833	0.50019977064	0.499982424708	0.500180830321	0.500024665968	0.500199908843	0.499929241903	0.499650472024	0.49999183476	0.50012103651	0.5000873741	0.500166844411	0.500164131769	0.500119236342	0.500083902723	0.499900636223	0.50014092078	0.500121868074	0.499969510954	0.500114397249	0.500299376642	0.499749656995	0.500217864035	0.500112583464	0.500309317806
4	5	0.500157274473	0.500128274889	0.500213461961	0.500146980193	0.50014378752	0.500093093128	0.500178711001	0.499982783765	0.499984942746	0.500177196448	0.500050165774	0.500164362026	0.500210685985	0.499947902779	0.500170078078	0.500065264937	0.500193604453	0.500191227521	0.500222933216	0.500180671578	0.500169490341	0.500132716174	0.499747218151	0.500167163905	0.500204190083	0.500201280636	0.500122621013	0.500164055494	0.499887789501	0.500213332055	0.500089142235	0.500196643965	0.500148607662	0.500145206714	0.500081009271	0.499997504337	0.499957154918	0.500212697763	0.499880867939	0.500096265015
5	4	0.500139365072	0.500102835745	0.500189179093	0.500159483646	0.500107133158	0.500300057624	0.500314582657	0.500159764043	0.500175410922	0.500206119947	0.500063858284	0.500328308944	0.500298918974	0.500098358411	0.500359820227	0.500205553683	0.500196574101	0.500407022331	0.500252403161	0.500345211379	0.500129338372	0.500345373056	0.499859741433	0.500350084957	0.500297031544	0.500322077625	0.500066521669	0.500152608941	0.500080476625	0.50035017389	0.500285504628	0.500261454349	0.500165756874	0.500329182044	0.500035694547	0.500129063712	0.500173884268	0.50021518585	0.500083596373	0.500098766563
5	32	0.500334060386	0.500148940368	0.500238185632	0.500171794343	0.500131708275	0.500042445279	0.50031525396	0.500164652	0.500387823216	0.500179196791	0.500215437505	0.500328747541	0.500299720044	0.500027544074	0.500360341747	0.500206089678	0.500197165665	0.500224753463	0.5001520693	0.500345763988	0.500159260383	0.500345967652	0.499860763036	0.500350576552	0.500297658856	0.500133410848	0.500290415488	0.500353449808	0.500288722484	0.500172393782	0.500066319042	0.500262042765	0.500330845579	0.500329718165	0.500243784154	0.500341816819	0.500174492127	0.500215681486	0.500297410728	0.500203194173
32	5	0.500154249703	0.500104494278	0.500189885643	0.50016432101	0.500120219534	0.500087887678	0.500186746725	0.500171916113	0.500204582434	0.500180659495	0.500228002117	0.500169612179	0.500387346646	0.500094119554	0.500391292683	0.500071680986	0.500200685684	0.500197925597	0.500197706369	0.500401457168	0.500146395841	0.500353756747	0.499972513032	0.500387144171	0.500211699223	0.500186862612	0.500319397344	0.500374770992	0.500102271664	0.500199091399	0.500072697948	0.500203687503	0.50014572713	0.50015162428	0.500077426082	0.500216725971	0.499964430917	0.500218630695	0.500100311195	0.500206159338
5	33	0.500334981235	0.500137694466	0.500191877281	0.500108739599	0.500115981787	0.500111317386	0.5003165659	0.500360897185	0.500389111696	0.500190516997	0.500216851103	0.500329604699	0.500301285592	0.500264174939	0.500361360965	0.500207137184	0.500198321772	0.500200214263	0.500431304338	0.500346843963	0.500130669372	0.500347129683	0.499862759575	0.500351537285	0.500298884824	0.500323395762	0.500291503782	0.500169232981	0.500069517015	0.500351477057	0.5000554239	0.500263192717	0.500331726307	0.500330765919	0.500043320533	0.500342969288	0.500175680032	0.500216650117	0.500099921195	0.500204168045
33	5	0.500151564622	0.499934174514	0.500196412794	0.500148609583	0.500146702608	0.500119701557	0.500182921275	0.50018582373	0.500200825389	0.500014478372	0.50004182944	0.500384041208	0.500215710135	0.500115562914	0.50017334895	0.500068626591	0.500197314625	0.500107929814	0.500215747388	0.500184137431	0.499947919271	0.500136445362	0.499753625435	0.500324452667	0.500208124456	0.500204078941	0.500115875608	0.499972335884	0.500109479401	0.500216098581	0.500101694433	0.500200334389	0.50014315904	0.500148569163	0.500100094839	0.500213365518	0.499960967139	0.50021580629	0.500106869529	0.500381625552
5	12	0.500336497236	0.500327606372	0.500212256278	0.500197850272	0.500319194697	0.500303086298	0.500318725755	0.500180835609	0.50039123293	0.500349375085	0.500098050144	0.500138109922	0.500303862963	0.500265962915	0.500185992922	0.500208861701	0.500200225077	0.500409813453	0.500433233403	0.500348621932	0.500348193516	0.500349042743	0.49986604649	0.500152005951	0.500300903143	0.500324831282	0.500293295447	0.500356211072	0.500291662439	0.500201068638	0.500093453268	0.500265085892	0.500121088682	0.500332490843	0.500246681508	0.500344866605	0.499946399195	0.500218244781	0.50009137941	0.500205771336
12	5	0.500153249978	0.500326528273	0.500216290099	0.500210793844	0.500139809784	0.500313889206	0.500185322412	0.500005968692	0.500352420674	0.500173493794	0.500175945837	0.500179183732	0.50021857543	0.500117550628	0.500175214342	0.500070543757	0.500199430553	0.500195681496	0.500217891954	0.500186114022	0.500165592438	0.500138572134	0.499757279537	0.499970892397	0.500210368246	0.500205674826	0.500117867424	0.500159505925	0.50010106554	0.500065848671	0.50009415242	0.500202439053	0.50016365977	0.500150486782	0.500076237435	0.500215474788	0.500020580282	0.500217579097	0.500107504496	0.500205102051
5	13	0.500134338423	0.500097817047	0.500184206353	0.500154604794	0.500102166226	0.500303846948	0.500319766292	0.500363637347	0.50039225486	0.500201486508	0.500056570735	0.50033169568	0.500305104643	0.500266824294	0.500363847281	0.500209692508	0.500201142018	0.500410514441	0.500246086687	0.500349478491	0.500124471638	0.500349964383	0.499867630002	0.500353880931	0.500301875494	0.500325522862	0.500060583697	0.500146923803	0.500292543578	0.50035358	0.500289432831	0.500265997952	0.500160961687	0.500333321847	0.500029731175	0.500345780661	0.500178577848	0.50021901303	0.500300888191	0.500206543741
13	5	0.500147221174	0.500118237492	0.500203516481	0.500137222489	0.500133853657	0.500100671779	0.500189078272	0.50039053041	0.500418619868	0.50016792957	0.500035590675	0.500171135499	0.500223057325	0.500284834562	0.50017813219	0.500073542589	0.500202740288	0.500198211745	0.500210300268	0.500189205806	0.500159756875	0.500141898833	0.499762995285	0.500174755856	0.500213877984	0.500208171111	0.50011074507	0.500152685217	0.50031192343	0.500220144277	0.500096998644	0.500205731171	0.500139017287	0.500153486323	0.500069082526	0.500430936711	0.499966542032	0.500220352122	0.500315358445	0.500311819353
5	14	0.500335664437	0.500326776103	0.500203953707	0.500102231356	0.500108099767	0.500088498282	0.500317539261	0.500361730573	0.500390067652	0.500348601595	0.500217899887	0.500113299145	0.500302447112	0.500264980709	0.500362117149	0.500207914356	0.500199179516	0.500287004069	0.500432173691	0.500347645224	0.50034738841	0.500347991824	0.499864240858	0.500198044507	0.500299794401	0.500324042694	0.500292311215	0.500355267404	0.500059894097	0.500352116642	0.500046799907	0.500264045896	0.500332379741	0.500331543275	0.500018271592	0.500343824334	0.500176561369	0.500217368769	0.500091164876	0.500026584635
14	5	0.500152931026	0.500312337832	0.500220565647	0.500135593098	0.500130938569	0.500074063349	0.500184867998	0.500187490507	0.500202737302	0.500330647613	0.500043927009	0.499951456255	0.500218033175	0.500117174454	0.500174861318	0.500070180935	0.500199030115	0.50028150944	0.500217486096	0.500185739953	0.500381327883	0.500138169644	0.499756588	0.500017467062	0.50020994361	0.500205372806	0.500117490474	0.500344404782	0.500090233566	0.500217377751	0.500084446446	0.500202040747	0.500144465908	0.500150123874	0.500049996958	0.50021507561	0.499962729812	0.500217243595	0.500089356893	0.500026458783
5	15	0.500332058508	0.50016770228	0.500256789208	0.500149574674	0.500150309328	0.500051440055	0.500312401872	0.500179393006	0.500385022129	0.500171100305	0.50003031361	0.500326884125	0.500129245022	0.500049793205	0.500143140638	0.500203812455	0.500194652351	0.500221547499	0.500170979675	0.500129235383	0.500177488151	0.500129486567	0.499642744845	0.500134378739	0.500294993666	0.500151274111	0.500087701176	0.500137029527	0.500286307305	0.50019004055	0.500086691534	0.500259542829	0.500328930925	0.500327440404	0.500241403971	0.500339311414	0.500171909686	0.500213575733	0.500295212745	0.500201077028
15	5	0.500150245945	0.500142018103	0.500227092799	0.500119881671	0.500157421642	0.500105877229	0.500181042548	0.500201398124	0.500198980257	0.500164466523	0.499857754321	0.500165885346	0.500046396613	0.500138617814	0.49995691752	0.500067126539	0.500195659056	0.500191513669	0.500235527115	0.499968420147	0.500182851375	0.499920858208	0.499537700497	0.499954775526	0.500206368843	0.500222589135	0.4999139687	0.49994196966	0.500097441303	0.500234384933	0.500113442931	0.500198687632	0.500141897819	0.500147068756	0.500072665715	0.500211715157	0.499959266033	0.50021441919	0.500095915227	0.500201925048
5	19	0.500118789118	0.500111250284	0.500424820918	0.500138293426	0.500148343253	0.500102697945	0.500101781538	0.500185154919	0.500394334278	0.500351433703	0.500222580824	0.500333079007	0.500307631208	0.500047432244	0.50036549215	0.50021138303	0.500203007805	0.50017460815	0.500173538708	0.500351221413	0.50020744721	0.500108297144	0.499870852123	0.500355431414	0.500161857352	0.500149378555	0.500295914951	0.500358722614	0.500126395801	0.500354971241	0.500084527709	0.500267853807	0.500335296149	0.500335012768	0.500249316833	0.500347640577	0.499963001703	0.500220576259	0.500074845871	0.500208115427
19	5	0.50009370792	0.500116034157	0.500419190955	0.500152581812	0.500152270023	0.50008934711	0.500173649381	0.500177903283	0.50020377671	0.500173887496	0.500045067349	0.500169076173	0.500219296091	0.500107840444	0.500348295402	0.500071025951	0.500199962738	0.500186680823	0.500207403696	0.500186611162	0.500157685945	0.500126007835	0.499758198594	0.500362971466	0.500068935896	0.500197878766	0.500118368394	0.500362644706	0.50015985379	0.500218073171	0.500092127571	0.500202968405	0.500145176385	0.50015096909	0.50007674143	0.500216005299	0.499952542988	0.500218024983	0.500104697438	0.500205550349
5	21	0.500336497236	0.500327606372	0.500415673448	0.50015094605	0.500319194697	0.500303086298	0.500318725755	0.500361523989	0.50039123293	0.500349375085	0.50020836152	0.500126674952	0.500303862963	0.500265962915	0.500185992922	0.500208861701	0.500200225077	0.500409813453	0.500433233403	0.500348621932	0.500348193516	0.500349042743	0.49986604649	0.500352073387	0.500300903143	0.500324831282	0.500293295447	0.500356211072	0.500291662439	0.500351958099	0.500093453268	0.500265085892	0.500117435727	0.500332490843	0.500246681508	0.500344866605	0.499889745777	0.500218244781	0.500081988126	0.500205771336
21	5	0.500336985435	0.500339577559	0.500417995564	0.500095197116	0.500354915216	0.500291792806	0.500184468961	0.500367345496	0.500312188449	0.500302225529	0.500153189607	0.500156313793	0.500217557001	0.500209430211	0.500178464935	0.500069862327	0.500198678476	0.500350380777	0.500368034485	0.500338607508	0.500165013321	0.500236879488	0.499755980737	0.50037102731	0.500209570722	0.500205107591	0.50033297988	0.500300699264	0.50024341897	0.500367627622	0.500118008936	0.500201690979	0.50014015952	0.500275091295	0.500291581101	0.500214725077	0.499905195057	0.500216948978	0.500088721926	0.500204468522
5	23	0.50017732902	0.500118472317	0.500214119187	0.500127812954	0.500134893818	0.500110233288	0.500112026795	0.500193908754	0.500392338914	0.500350109217	0.5002203917	0.500331751596	0.500305206772	0.500055960485	0.500191301888	0.500209760842	0.500201217437	0.50018264696	0.500182751755	0.500349548944	0.500214384872	0.500119596813	0.499867760246	0.500163419825	0.50030195547	0.500156225663	0.500294229599	0.500154448261	0.500066398492	0.500353636237	0.500085470577	0.500266072969	0.500333932238	0.500333390197	0.500247621302	0.500345855843	0.49997230719	0.500219076219	0.500068261644	0.500206607272
23	5	0.500210787723	0.500130478223	0.499997787413	0.500131620869	0.500125371154	0.500104417796	0.500194139892	0.500195410954	0.50019978598	0.500171238522	0.5000406891	0.500166421352	0.500214447219	0.500124896924	0.499999914823	0.500067781575	0.500196382002	0.500202758442	0.500225829788	0.500183266223	0.50017156127	0.500148607172	0.499752014842	0.499978948244	0.500349132138	0.500211572981	0.500114997689	0.499954095951	0.500039859174	0.500215403161	0.500094013308	0.50019940673	0.500142448563	0.500147723947	0.500073350367	0.500212435829	0.499971153962	0.500215024902	0.500091528984	0.500202534038
5	24	0.500152285006	0.500123297136	0.500208518506	0.500067850459	0.500138858983	0.500096929013	0.500150992977	0.500186696839	0.500186772162	0.500172595001	0.499869434647	0.500119248572	0.50021702493	0.500116418128	0.500131072293	0.500027755047	0.500198211397	0.500194749784	0.500217464357	0.500153406373	0.500164658029	0.500058239308	0.499622533453	0.500125782988	0.500201709762	0.500204754451	0.500116732595	0.500100397159	0.499983338847	0.500216750449	0.500093119076	0.500201225981	0.500071224764	0.50008272139	0.49993365367	0.50021176199	0.499707127751	0.500216993202	0.499979061614	0.500191217046
24	5	0.500077747397	0.500060979682	0.500125466397	0.499868709378	0.500091527402	0.500013904521	0.499938062991	0.500098047434	0.499970785436	0.500096379367	0.499723141295	0.499911036024	0.500020800414	0.500064246828	0.499920354444	0.499826313765	0.500089410377	0.500090041005	0.500158676729	0.49994051227	0.500059459416	0.499861016012	0.49948723814	0.499916682807	0.499985493006	0.500165885019	0.50007709565	0.499895117922	0.499803951415	0.500003084518	0.500013538697	0.499986224374	0.49987134878	0.499880948845	0.499767877267	0.499995036047	0.4996153907	0.500109387623	0.499800216545	0.499974942881
5	25	0.500088095218	0.500030254295	0.500208518506	0.500142138823	0.500061603296	0.499976834857	0.500151377874	0.500186696839	0.500187125633	0.500149373496	0.500042957679	0.500167781413	0.500217027907	0.500016560979	0.500131382096	0.500069458714	0.500198211397	0.500194749784	0.50021735135	0.500153721618	0.500112589451	0.500137357007	0.499623883037	0.500126077233	0.500202035972	0.500192975678	0.500017147153	0.500100730543	0.500099909807	0.500216751335	0.499969807604	0.500201225981	0.500143849143	0.500149389231	0.49993409452	0.500212062576	0.499961929314	0.500216994273	0.499979446844	0.500191481961
25	5	0.499884990181	0.499839345185	0.500132343563	0.500071721034	0.499864000796	0.499798734776	0.499938401622	0.500135440047	0.499971118012	0.499936720949	0.499994871411	0.500075803989	0.500021204505	0.499828982325	0.49992061752	0.500048866084	0.500089708785	0.500106069138	0.50013752147	0.499940791028	0.499905049523	0.500010968678	0.499487753475	0.499916930786	0.499985809446	0.499976997101	0.499829365104	0.499895387249	0.50005377791	0.500003307029	0.49979410099	0.499986521194	0.50008938158	0.500145359483	0.499768159869	0.499995333516	0.49988821734	0.500109637641	0.499800477513	0.499975194252
5	28	0.500335495082	0.50012433429	0.500206167103	0.500197850272	0.500318205501	0.500108175949	0.500318151431	0.500361523989	0.500280825847	0.500348444301	0.500098050144	0.500138109922	0.500303177618	0.500264780971	0.500184883714	0.500208403137	0.500199718972	0.500408851589	0.500431958192	0.500347446603	0.500347803803	0.500347778113	0.499865172471	0.500352073387	0.500300366455	0.500324449565	0.500292111065	0.500355075503	0.500290453384	0.500351958099	0.500092371288	0.50026458248	0.500121088682	0.50033135058	0.500245489972	0.500344362092	0.499946399195	0.500217820746	0.50009137941	0.500205345007
28	5	0.500151245669	0.499919984067	0.500202400047	0.500209818631	0.500137831393	0.499901972071	0.500183320312	0.500402774516	0.500091374222	0.500171632225	0.500174407428	0.500182575945	0.500216186309	0.50011518674	0.500172995926	0.500068945199	0.500197666265	0.500193757769	0.500215341531	0.500183763363	0.500164233895	0.500136042872	0.499754232699	0.500372966791	0.500208497345	0.500204344156	0.500115498658	0.500157234786	0.500098647427	0.500387303093	0.500091988459	0.500200684156	0.500164260499	0.500148206255	0.500073854362	0.500213716051	0.500018501895	0.500216100908	0.500130114037	0.500203615864
5	29	0.500122069237	0.500171319008	0.500225685233	0.500254405674	0.500316950074	0.500132433335	0.500315485934	0.500204907041	0.500388051042	0.500143213608	0.500215687454	0.500328899101	0.500299996861	0.500078793026	0.500360521963	0.499995341341	0.500197370085	0.500189917382	0.500283861606	0.500345954946	0.500345995105	0.50034617312	0.499698010801	0.500196540856	0.500087199055	0.500322677976	0.500164557238	0.500353634307	0.500078649531	0.500185729911	0.500135899529	0.500064632445	0.500331001307	0.500221967142	0.499961666841	0.500342020596	0.499987392966	0.500136721376	0.500158015813	0.499987139483
29	5	0.500134970816	0.49997658479	0.500247487658	0.500191472751	0.500146096538	0.500134547438	0.500194396523	0.500040583267	0.500212095441	0.500152177022	0.50005419387	0.500174610186	0.500229403633	0.499940574462	0.500182263825	0.499866855335	0.50020742683	0.500230942748	0.500079518234	0.500193583733	0.500171749762	0.500146609395	0.499607983484	0.500024444799	0.500008171133	0.500211705819	0.499999343971	0.500166722945	0.499898480178	0.500058601295	0.499950739223	0.500160876217	0.500150862569	0.500049797321	0.499967006424	0.500223445908	0.49978404828	0.500145147311	0.499966632855	0.499995607545
5	31	0.500151759624	0.500111284999	0.500206167103	0.500197850272	0.500103100055	0.500108175949	0.500318151431	0.500180835609	0.500280825847	0.500219712577	0.500098050144	0.500138109922	0.500303177618	0.500172901396	0.500181633122	0.500208403137	0.500199718972	0.50025415233	0.500281815686	0.50019495312	0.500347803803	0.50024947078	0.499865172471	0.500152005951	0.500300366455	0.500324449565	0.500076998594	0.500213882179	0.500148099964	0.500201068638	0.500068514771	0.50026458248	0.500121088682	0.500206746081	0.500030146293	0.500344362092	0.499946399195	0.500217820746	0.50009137941	0.500205345007
31	5	0.500169961771	0.500113068461	0.499998982804	0.500189005563	0.499929681103	0.499909310689	0.500193359228	0.500013341516	0.500101233628	0.50004944496	0.499932566839	0.500191861252	0.500228165822	0.500031617586	0.500191025028	0.500076960679	0.500206512747	0.500215487934	0.500074165179	0.500241418021	0.500171045896	0.500046627331	0.499769510135	0.50012242903	0.500217878408	0.500211016395	0.499908713744	0.500024025792	0.499964795048	0.50007150696	0.500108630198	0.500209483549	0.500147465429	0.500203805997	0.49986688855	0.5002225347	0.500020183749	0.500223512836	0.50012755268	0.500211067892
6	27	0.499962945273	0.500068536707	0.500182693206	0.500005685302	0.500171501147	0.500092502052	0.500176816676	0.499999177849	0.50008498688	0.500206575689	0.499914742455	0.500135140359	0.500208425472	0.500157791057	0.49998764676	0.50006375243	0.500191935137	0.50021464433	0.500059390262	0.500025916116	0.500159820791	0.50018162773	0.499744335327	0.500190740974	0.500202419893	0.500200021597	0.500160165587	0.500010868806	0.500143769877	0.500060637025	0.500120098299	0.500194983535	0.499927358857	0.500018407726	0.500095022577	0.500208002955	0.499904294567	0.500211299145	0.499884394218	0.500198788124
27	6	0.499968576079	0.500032821167	0.500147088101	0.500138277027	0.500139739263	0.500069676624	0.500184838918	0.500201168414	0.500092865673	0.50024759046	0.499923386316	0.500130966928	0.500217998473	0.50019660648	0.499993879069	0.500279846172	0.500408241231	0.500204071243	0.500066912472	0.500032519942	0.500165264359	0.500138143887	0.499756543746	0.500153063609	0.500389936332	0.500416528862	0.500117466351	0.500222107818	0.500100656112	0.500277375177	0.50009564524	0.500202015257	0.5000797549	0.500173439993	0.500052128453	0.500215050065	0.499858757438	0.500427824009	0.499890576622	0.500204743147
6	21	0.500146617017	0.500158971728	0.500244094323	0.500009509616	0.500170582473	0.500119707881	0.500175872394	0.499984666552	0.500193902553	0.500131548234	0.500034234363	0.500171922193	0.500207298654	0.500077553258	0.500167872825	0.499853309997	0.499981866205	0.50020529272	0.500209451708	0.500178334867	0.500159180039	0.500180791346	0.499742898299	0.500208637245	0.500021517539	0.499988218534	0.500159382277	0.499947131334	0.500142970248	0.5	0.500117523498	0.500194155845	0.499991394708	0.499994314249	0.500117940022	0.500207173454	0.500007385607	0.500000740871	0.500091930808	0.500198087171
21	6	0.500335919527	0.500213691206	0.500269890335	0.500145925654	0.500137901914	0.500124088282	0.500182950355	0.500172145822	0.500310696998	0.500097535551	0.500162370129	0.500204530596	0.500215744837	0.500036130882	0.500354331153	0.499858961329	0.499988097531	0.500185368022	0.500366678149	0.500337357408	0.500163982857	0.50013647112	0.49975366969	0.500188856152	0.50002813168	0.499992931386	0.500115899731	0.500094632887	0.500099056855	0.500156101149	0.500090495639	0.500200359878	0.500207848315	0.500125253043	0.500097963344	0.500213391063	0.500064939516	0.500006089689	0.500305649766	0.50020334124
7	8	0.500157008155	0.50012325619	0.500208489221	0.500142101341	0.500138820589	0.500114525131	0.500190676709	0.500186657118	0.500208442143	0.500172563009	0.500050185819	0.500167748763	0.500224964751	0.500116368684	0.500179373981	0.500122326415	0.50019817237	0.500194719633	0.500222674123	0.500190521622	0.500169225647	0.500137307503	0.499765427819	0.500170959881	0.500209034033	0.500240452264	0.500116683041	0.500158370355	0.500099856484	0.500216738166	0.500093070439	0.500207132245	0.500143812474	0.500149346518	0.500075045898	0.500220178251	0.499961848475	0.500255836182	0.500103339867	0.50020907662
8	7	0.500157008155	0.50012325619	0.500208489221	0.500142101341	0.500138820589	0.500114525131	0.500190676709	0.500186657118	0.500208442143	0.500172563009	0.500050185819	0.500167748763	0.500224964751	0.500116368684	0.500179373981	0.500122326415	0.50019817237	0.500194719633	0.500222674123	0.500190521622	0.500169225647	0.500137307503	0.499765427819	0.500170959881	0.500209034033	0.500240452264	0.500116683041	0.500158370355	0.500099856484	0.500216738166	0.500093070439	0.500207132245	0.500143812474	0.500149346518	0.500075045898	0.500220178251	0.499961848475	0.500255836182	0.500103339867	0.50020907662
7	11	0.500157008155	0.50012325619	0.500208489221	0.500142101341	0.500138820589	0.500114525131	0.500190676709	0.500186657118	0.500208442143	0.500172563009	0.500050185819	0.500167748763	0.500224964751	0.500116368684	0.500179373981	0.500122326415	0.50019817237	0.500194719633	0.500222674123	0.500190521622	0.500169225647	0.500137307503	0.499765427819	0.500170959881	0.500209034033	0.500240452264	0.500116683041	0.500158370355	0.500099856484	0.500216738166	0.500093070439	0.500207132245	0.500143812474	0.500149346518	0.500075045898	0.500220178251	0.499961848475	0.500255836182	0.500103339867	0.50020907662
11	7	0.500157008155	0.50012325619	0.500208489221	0.500142101341	0.500138820589	0.500114525131	0.500190676709	0.500186657118	0.500208442143	0.500172563009	0.500050185819	0.500167748763	0.500224964751	0.500116368684	0.500179373981	0.500122326415	0.50019817237	0.500194719633	0.500222674123	0.500190521622	0.500169225647	0.500137307503	0.499765427819	0.500170959881	0.500209034033	0.500240452264	0.500116683041	0.500158370355	0.500099856484	0.500216738166	0.500093070439	0.500207132245	0.500143812474	0.500149346518	0.500075045898	0.500220178251	0.499961848475	0.500255836182	0.500103339867	0.50020907662
7	27	0.500152247824	0.50012325619	0.500208489221	0.500142101341	0.500138820589	0.500096882453	0.500183894637	0.500186657118	0.500201781345	0.500172563009	0.500042878225	0.500167748763	0.500216871655	0.500116368684	0.500174105134	0.500069403763	0.50019817237	0.500194719633	0.500216616742	0.500184938692	0.500164623608	0.500137307503	0.499755106718	0.500170959881	0.500209034033	0.500204725874	0.500116683041	0.500158370355	0.500099856484	0.500216738166	0.500093070439	0.500201187568	0.500143812474	0.500149346518	0.500075045898	0.500214220564	0.499961848475	0.500216524943	0.500098113211	0.500204042193
27	7	0.500147487492	0.500243334021	0.500357799353	0.500264581258	0.500350082991	0.500079239776	0.500177112565	0.500375972237	0.500195120547	0.500371841646	0.500035570631	0.500318449593	0.500208778559	0.500282796513	0.500168836287	0.50001648111	0.500401432627	0.500354140385	0.500210559362	0.500179355763	0.500160021569	0.500230363669	0.499744785617	0.500348098022	0.500382716292	0.500168999481	0.500326877529	0.500357834834	0.500237189492	0.500233253557	0.50030948444	0.50019524289	0.500286291828	0.500292555599	0.500261736411	0.500208262877	0.500082478029	0.500177213701	0.500092886555	0.500199007767
8	11	0.500157008155	0.50012325619	0.500208489221	0.500142101341	0.500138820589	0.500114525131	0.500190676709	0.500186657118	0.500208442143	0.500172563009	0.500050185819	0.500167748763	0.500224964751	0.500116368684	0.500179373981	0.500122326415	0.50019817237	0.500194719633	0.500222674123	0.500190521622	0.500169225647	0.500137307503	0.499765427819	0.500170959881	0.500209034033	0.500240452264	0.500116683041	0.500158370355	0.500099856484	0.500216738166	0.500093070439	0.500207132245	0.500143812474	0.500149346518	0.500075045898	0.500220178251	0.499961848475	0.500255836182	0.500103339867	0.50020907662
11	8	0.500157008155	0.50012325619	0.500208489221	0.500142101341	0.500138820589	0.500114525131	0.500190676709	0.500186657118	0.500208442143	0.500172563009	0.500050185819	0.500167748763	0.500224964751	0.500116368684	0.500179373981	0.500122326415	0.50019817237	0.500194719633	0.500222674123	0.500190521622	0.500169225647	0.500137307503	0.499765427819	0.500170959881	0.500209034033	0.500240452264	0.500116683041	0.500158370355	0.500099856484	0.500216738166	0.500093070439	0.500207132245	0.500143812474	0.500149346518	0.500075045898	0.500220178251	0.499961848475	0.500255836182	0.500103339867	0.50020907662
8	27	0.500152247824	0.50012325619	0.500208489221	0.500142101341	0.500138820589	0.500096882453	0.500183894637	0.500186657118	0.500201781345	0.500172563009	0.500042878225	0.500167748763	0.500216871655	0.500116368684	0.500174105134	0.500069403763	0.50019817237	0.500194719633	0.500216616742	0.500184938692	0.500164623608	0.500137307503	0.499755106718	0.500170959881	0.500209034033	0.500204725874	0.500116683041	0.500158370355	0.500099856484	0.500216738166	0.500093070439	0.500201187568	0.500143812474	0.500149346518	0.500075045898	0.500214220564	0.499961848475	0.500216524943	0.500098113211	0.500204042193
27	8	0.500147487492	0.500243334021	0.500357799353	0.500264581258	0.500350082991	0.500079239776	0.500177112565	0.500375972237	0.500195120547	0.500371841646	0.500035570631	0.500318449593	0.500208778559	0.500282796513	0.500168836287	0.50001648111	0.500401432627	0.500354140385	0.500210559362	0.500179355763	0.500160021569	0.500230363669	0.499744785617	0.500348098022	0.500382716292	0.500168999481	0.500326877529	0.500357834834	0.500237189492	0.500233253557	0.50030948444	0.50019524289	0.500286291828	0.500292555599	0.500261736411	0.500208262877	0.500082478029	0.500177213701	0.500092886555	0.500199007767
9	10	0.500161955572	0.500124313687	0.500218088325	0.500151535639	0.500148413908	0.500107019863	0.500185405847	0.499988515865	0.500203265533	0.499956386058	0.500044506535	0.500155669819	0.500218674994	0.500117619698	0.500175279161	0.500070610375	0.500199504078	0.500195737705	0.500025401536	0.500186182705	0.500174023054	0.500138646036	0.499757406511	0.50017206654	0.500210446214	0.500213911179	0.500117936636	0.500159572284	0.500101136194	0.500056582393	0.500094215648	0.500202512186	0.500144826976	0.500150553416	0.500086621634	0.500215548082	0.499974382611	0.500217640699	0.500108789908	0.50021418394
10	9	0.500171953535	0.500311382861	0.500187505875	0.500200389943	0.500109241637	0.500085634973	0.500391439994	0.500192509378	0.500198803829	0.500134541191	0.500249313067	0.500122821254	0.500422634352	0.500301008355	0.500171749849	0.500066983108	0.500318877714	0.500350646869	0.500022286687	0.500182443006	0.500130648013	0.500134622195	0.499963558913	0.500168739747	0.500321516438	0.500209988445	0.500268544233	0.500276814691	0.500097289182	0.500054384967	0.500273799152	0.500306695541	0.500141777224	0.500146925291	0.500083225314	0.500211557353	0.499916578162	0.500214286558	0.500084557696	0.500285006767
10	17	0.500110799085	0.500123297136	0.500208518506	0.500142138823	0.500138858983	0.500096929013	0.500183941753	0.500186696839	0.500201824331	0.500128990835	0.500042957679	0.500167781413	0.500217772583	0.500116418128	0.500174143267	0.500069458714	0.500198211397	0.500173679419	0.500216688577	0.500184977288	0.500164658029	0.500137357007	0.499293232918	0.500170996076	0.500209073527	0.500204754451	0.500116732595	0.500158411633	0.500099909807	0.500216870499	0.500093119076	0.500185563476	0.500143849143	0.500149389231	0.500075102424	0.5002142569	0.499861980047	0.500217448003	0.500098162122	0.50020407428
17	10	0.499902965176	0.500089556401	0.500156047196	0.499963878822	0.499931118799	0.500055304652	0.500102017348	0.500137018858	0.500121324945	0.499919451334	0.500041455562	0.500104985477	0.500122261953	0.500097192785	0.500110465508	0.499854818994	0.500126002138	0.499959564303	0.500013447725	0.500117503897	0.499958079436	0.500064755508	0.49936149541	0.500012561019	0.500148541286	0.500187018607	0.500091646903	0.499984532513	0.500029795761	0.500033231379	0.50008694517	0.499969637146	0.500088822982	0.499938562604	0.499991009377	0.500142255228	0.499694279636	0.500215631186	0.50002824021	0.500108270544
10	20	0.500143070001	0.500130322533	0.500372805861	0.500357036151	0.500180084211	0.500119250858	0.500398593789	0.500157743843	0.500205829709	0.500177128055	0.500257021172	0.500154128511	0.500431171031	0.500092420719	0.500177307484	0.500072694994	0.500325181777	0.50035546624	0.500220298355	0.500188331939	0.500316772983	0.500140958569	0.499587299475	0.500173978474	0.500192200409	0.500212782107	0.500069386305	0.500143644575	0.499965761644	0.500219446735	0.500279220363	0.500097995629	0.500146579692	0.49993830403	0.500070173643	0.500217841584	0.500151095009	0.50021956835	0.500097231734	0.500178176701
20	10	0.50017513112	0.500129713413	0.500206995095	0.500140629055	0.500162162529	0.500073779793	0.500181739116	0.500177806866	0.500199664368	0.500157391194	0.500040555679	0.500003562322	0.500214299456	0.499900114432	0.500172430556	0.500067682707	0.500196272884	0.500193267501	0.500214691547	0.50018316429	0.500163160959	0.500135398282	0.499666489778	0.500169381393	0.500071018701	0.500049865314	0.499909802725	0.500185276938	0.499960445707	0.500215321796	0.500091436967	0.499984332773	0.500142365436	0.499933313852	0.500082537122	0.500212327054	0.499959896745	0.500214933479	0.500102595768	0.500211812836
10	30	0.500120186703	0.500123865311	0.500374299986	0.500358508439	0.500156742271	0.500142353518	0.500400749311	0.500166594095	0.500207946686	0.50019229987	0.500259343737	0.50031831492	0.500433743228	0.500308714814	0.500178982063	0.50007441605	0.500327081262	0.500356918372	0.50022222355	0.500190106341	0.500318235632	0.50014286779	0.499675916397	0.500175556961	0.500330215715	0.500367642625	0.500276266596	0.500116737991	0.500105172421	0.500220863105	0.500280853835	0.500314855422	0.50014802673	0.50015435999	0.500062682419	0.500219735093	0.500153046739	0.500221159813	0.500092749176	0.500170406058
30	10	0.500129364526	0.500116798968	0.500209983346	0.500143573626	0.500115478648	0.500119985114	0.500186050158	0.50019550737	0.500203898322	0.500187734824	0.500045200771	0.500331935167	0.500219443854	0.500332622892	0.500175779712	0.500071124819	0.500200071856	0.500196171764	0.500218541937	0.500186713094	0.500166086257	0.500139216725	0.499843723674	0.500172538368	0.500347049334	0.500359586394	0.500323563317	0.500131463772	0.500239267245	0.500218154536	0.500094703912	0.500418042286	0.500145259512	0.500365379128	0.500067554675	0.500216114074	0.499963800206	0.500218116406	0.500093630653	0.50019627155
11	27	0.500152247824	0.50012325619	0.500208489221	0.500142101341	0.500138820589	0.500096882453	0.500183894637	0.500186657118	0.500201781345	0.500172563009	0.500042878225	0.500167748763	0.500216871655	0.500116368684	0.500174105134	0.500069403763	0.50019817237	0.500194719633	0.500216616742	0.500184938692	0.500164623608	0.500137307503	0.499755106718	0.500170959881	0.500209034033	0.500204725874	0.500116683041	0.500158370355	0.500099856484	0.500216738166	0.500093070439	0.500201187568	0.500143812474	0.500149346518	0.500075045898	0.500214220564	0.499961848475	0.500216524943	0.500098113211	0.500204042193
27	11	0.500147487492	0.500243334021	0.500357799353	0.500264581258	0.500350082991	0.500079239776	0.500177112565	0.500375972237	0.500195120547	0.500371841646	0.500035570631	0.500318449593	0.500208778559	0.500282796513	0.500168836287	0.50001648111	0.500401432627	0.500354140385	0.500210559362	0.500179355763	0.500160021569	0.500230363669	0.499744785617	0.500348098022	0.500382716292	0.500168999481	0.500326877529	0.500357834834	0.500237189492	0.500233253557	0.50030948444	0.50019524289	0.500286291828	0.500292555599	0.500261736411	0.500208262877	0.500082478029	0.500177213701	0.500092886555	0.500199007767
12	28	0.499969000525	0.500122178091	0.500212523042	0.500210793844	0.49995943564	0.50011897886	0.500184748088	0.500011790203	0.500242013581	0.500043831251	0.500175945837	0.500208822571	0.500217890084	0.500024489093	0.500170854542	0.500070085193	0.500198924447	0.500040020314	0.500066474172	0.500032445171	0.500165202725	0.500039000139	0.499756405517	0.499989846329	0.500209831557	0.500205293109	0.499941254989	0.50001717699	0.499957503037	0.500081518201	0.500093769591	0.500201935641	0.500186383561	0.500024741986	0.499904601808	0.500214970275	0.500036029561	0.500217155062	0.500114238296	0.500204675722
28	12	0.49996799837	0.499918905967	0.500204722164	0.500209818631	0.499958446444	0.499901972071	0.500183320312	0.500227907663	0.500091374222	0.500042900466	0.500174407428	0.500212214784	0.500216186309	0.500023307149	0.500169745333	0.500068945199	0.500197666265	0.50003905845	0.50006519896	0.500031269841	0.500164233895	0.500037735507	0.499754232699	0.500191853292	0.500208497345	0.500204344156	0.499940070606	0.500016041421	0.499956293981	0.500252083172	0.50009268761	0.500200684156	0.500186984291	0.500023601723	0.499903410271	0.500213716051	0.500033951175	0.500216100908	0.500136847837	0.500203615864
12	21	0.500153249978	0.500326528273	0.500216290099	0.500155044913	0.500139809784	0.500313889206	0.500185322412	0.500011790203	0.500352420674	0.500173493794	0.500120773921	0.500208822571	0.50021857543	0.500117550628	0.500175214342	0.500070543757	0.500199430553	0.500195681496	0.500217891954	0.500186114022	0.500165592438	0.500138572134	0.499757279537	0.499989846329	0.500210368246	0.500205674826	0.500117867424	0.500159505925	0.50010106554	0.500081518201	0.50009415242	0.500202439053	0.500186383561	0.500150486782	0.500076237435	0.500215474788	0.500036029561	0.500217579097	0.500114238296	0.500205102051
21	12	0.500336985435	0.500339577559	0.500214578395	0.500086352405	0.500354915216	0.500291792806	0.500184468961	0.500192478628	0.500312188449	0.500302225529	0.499987706305	0.500197387602	0.500217557001	0.500209430211	0.500178464935	0.500069862327	0.500198678476	0.500350380777	0.500368034485	0.500338607508	0.500165013321	0.500236879488	0.499755980737	0.50018991381	0.500209570722	0.500205107591	0.50033297988	0.500300699264	0.50024341897	0.500232407693	0.500118008936	0.500201690979	0.500166536266	0.500275091295	0.500291581101	0.500214725077	0.499977297755	0.500216948978	0.500104847011	0.500204468522
14	33	0.499969514372	0.500108817914	0.500225101161	0.500175463081	0.50016165939	0.50008244752	0.500051223348	0.500012417007	0.500014450937	0.500154609021	0.499868905336	0.500005892791	0.500132457706	0.499968562408	0.499986849254	0.499931670331	0.500198022969	0.500189225002	0.500002938981	0.500023033383	0.500198563093	0.499927485275	0.499647453883	0.499990382431	0.500119183229	0.500086055963	0.499941862272	0.500147507729	0.500130195951	0.500082621765	0.500130716977	0.500139182412	0.499955898601	0.499967927078	0.500106771263	0.500085471811	0.499748016932	0.500216399768	0.500096305227	0.500203916342
33	14	0.49996883117	0.49991976878	0.500213024734	0.500181971324	0.500169541409	0.500105266625	0.500050249986	0.500011583619	0.500013494981	0.499996524381	0.499867856552	0.500222185289	0.500131296186	0.499967756638	0.49998609307	0.499930893159	0.500197165224	0.500102435183	0.500002082102	0.500022232122	0.499981864899	0.499926623134	0.499645972601	0.500143875253	0.500118273652	0.50008540903	0.499941054839	0.499961473258	0.500139818869	0.500081992582	0.500139340971	0.500138329232	0.499955245167	0.499967149722	0.500131820203	0.500084616765	0.499747135596	0.500215681116	0.500105061546	0.5003814997
15	32	0.499970435222	0.500097572012	0.500178792809	0.500112408337	0.500145932902	0.500151319626	0.500052535288	0.500208662237	0.500015739418	0.500165929228	0.499870318935	0.50000674995	0.500134023254	0.500205193287	0.499987868472	0.499932717838	0.500199179075	0.500164685802	0.500281164177	0.500024113359	0.500169986832	0.499928647307	0.499649450422	0.499991343165	0.500120409198	0.500276040892	0.499942950566	0.499963290854	0.499910990454	0.500261082547	0.500119821836	0.500140332364	0.499956779329	0.499968974832	0.499906307626	0.50008662428	0.499749204837	0.500217368399	0.499898815663	0.500204890213
32	15	0.499972437101	0.500078810099	0.500160189229	0.500134628007	0.500127331849	0.500142324851	0.500055387377	0.500193921231	0.500018540507	0.500174025714	0.50005544284	0.500008613366	0.500304498275	0.500182944159	0.500205056081	0.499934995061	0.500201692389	0.500167891766	0.500262253806	0.500240631892	0.500151759065	0.500145096597	0.499866856534	0.500207527513	0.500123074388	0.500258177632	0.500145664906	0.500179691545	0.499913405635	0.500243435781	0.500099449345	0.5001428323	0.499958693985	0.499971252594	0.499908687809	0.500089129687	0.499751787278	0.500219474152	0.499901013647	0.500207007358
16	26	0.49995646559	0.500122198217	0.500213211374	0.500146754468	0.500030974164	0.500018283213	0.500190707116	0.500200381702	0.500208472007	0.500206149291	0.500050218583	0.500119811035	0.500225001037	0.499907538341	0.500179397604	0.500074843124	0.500204175656	0.500199309065	0.500222701281	0.500190546653	0.50016924628	0.500143341558	0.499839262901	0.500175948658	0.500079399027	0.500055825783	0.500166910147	0.500024928753	0.499968039911	0.500221214573	0.500098232996	0.49999219348	0.500148385808	0.499940475963	0.500035473188	0.500220204962	0.49996801688	0.50022155473	0.499901499959	0.500245687227
26	16	0.49995646559	0.500122198217	0.500213211374	0.500146754468	0.500030974164	0.500018283213	0.500190707116	0.500200381702	0.500208472007	0.500206149291	0.500050218583	0.500119811035	0.500225001037	0.499907538341	0.500179397604	0.500074843124	0.500204175656	0.500199309065	0.500222701281	0.500190546653	0.50016924628	0.500143341558	0.499839262901	0.500175948658	0.500079399027	0.500055825783	0.500166910147	0.500024928753	0.499968039911	0.500221214573	0.500098232996	0.49999219348	0.500148385808	0.499940475963	0.500035473188	0.500220204962	0.49996801688	0.50022155473	0.499901499959	0.500245687227
16	30	0.500152247824	0.50012325619	0.500208489221	0.500142101341	0.500138820589	0.500096882453	0.500183894637	0.500186657118	0.500201781345	0.500172563009	0.500042878225	0.500167748763	0.500216871655	0.500116368684	0.500174105134	0.500069403763	0.50019817237	0.500194719633	0.500216616742	0.500184938692	0.500164623608	0.500137307503	0.499755106718	0.500170959881	0.500209034033	0.500204725874	0.500116683041	0.500158370355	0.500099856484	0.500216738166	0.500093070439	0.500201187568	0.500143812474	0.500149346518	0.500075045898	0.500214220564	0.499961848475	0.500216524943	0.500098113211	0.500204042193
30	16	0.500348030011	0.500124314164	0.500203767068	0.500137448213	0.500246667	0.500175481689	0.500177082157	0.500172932534	0.500195090683	0.500138976726	0.500035537867	0.500215686487	0.500208742273	0.500325198986	0.500168812664	0.500063964401	0.500192169084	0.500190130201	0.500210532203	0.500179330731	0.500160000935	0.500131273449	0.499670950549	0.500165971103	0.500338669012	0.500353625928	0.500066455933	0.500291811935	0.500231673042	0.500212261759	0.500087907883	0.500410181585	0.500139239141	0.500358217021	0.500114618607	0.500208236166	0.499955680071	0.500211495155	0.500294726433	0.500162397157
19	23	0.500127166627	0.500128040064	0.500202859255	0.500156389727	0.500142747359	0.500083531619	0.500255762471	0.500179405483	0.500011223718	0.499995016758	0.499865364739	0.500003745893	0.500128536524	0.50017677688	0.50015690838	0.499929046673	0.500195127303	0.500206792306	0.500250481728	0.500020328401	0.500114862341	0.500155018193	0.499642453214	0.500178499936	0.500116112582	0.50025322608	0.499939136454	0.500162292449	0.500133314474	0.500080477269	0.500100670302	0.500136302159	0.499953692669	0.499965302799	0.499902470477	0.500082585255	0.499951389761	0.500213973666	0.500127964777	0.500201477115
23	19	0.500185706529	0.500135262097	0.499992189122	0.500145909255	0.500129297924	0.500091066962	0.500266007725	0.500188159318	0.500009228353	0.499993692271	0.499863175614	0.500002418481	0.500126112088	0.50018530512	0.499982718067	0.499927424485	0.500193336936	0.500214831115	0.500259694773	0.500018655931	0.500121800004	0.500166317862	0.499639361339	0.4999864883	0.500256210711	0.500260073187	0.499937451101	0.499958018045	0.500073317166	0.500079163044	0.50010161317	0.500134521321	0.499952328757	0.499963680227	0.499900774945	0.50008080052	0.499960695248	0.500212473626	0.50012138055	0.500199968959
20	30	0.500184308943	0.50012264707	0.50004267841	0.49992569419	0.500120898906	0.500051411387	0.499967039893	0.500206720141	0.500195616005	0.500152826148	0.499826412697	0.500017182575	0.5	0.499924022519	0.500169228205	0.500064391476	0.500069263452	0.500032520853	0.500211009934	0.500179771044	0.500011011553	0.500131747217	0.499834297051	0.5001663628	0.500087852327	0.500041809079	0.499957099462	0.500200002717	0.500094540547	0.500212613227	0.499905287017	0.500087519692	0.500139598219	0.500144333046	0.500087409378	0.500208706034	0.499770650222	0.500211890072	0.500103477246	0.500237678327
30	20	0.500161425647	0.500116189848	0.500044172535	0.499927161851	0.500097556965	0.500074514048	0.49996918254	0.500215570393	0.500197732982	0.500167997964	0.49982862731	0.500181369014	0.500003372087	0.500140276764	0.500170902784	0.500066112532	0.500071162938	0.500033972985	0.50021293513	0.500181545446	0.500012474202	0.500133656438	0.499922914016	0.500167941287	0.500225867657	0.50019666964	0.500163979775	0.500173096135	0.500233951309	0.500214029597	0.49990692049	0.50030437446	0.500141045257	0.500360365655	0.500079918154	0.500210599544	0.499772601953	0.500213481535	0.500098994688	0.500229907685
21	27	0.500341550331	0.500177975671	0.500234285235	0.500278517358	0.500106140028	0.500101262854	0.500190972598	0.500374136335	0.500318575788	0.500138550328	0.500171013989	0.500200357165	0.500225317838	0.500074946309	0.50036056346	0.500075055095	0.500204409603	0.500174794935	0.50037384318	0.500343961231	0.500169426425	0.500092987275	0.499765878109	0.500151178787	0.500215648173	0.500209430151	0.500073200493	0.500305871877	0.500055943089	0.500372839264	0.50006604258	0.5002073916	0.500360266037	0.50028028529	0.50005506922	0.500220438173	0.500019402385	0.50022175074	0.500311832168	0.500209296262
27	21	0.50015787863	0.500087540652	0.500172884117	0.500274693045	0.500107058703	0.500074057025	0.500191916879	0.500388647624	0.500209660137	0.500213577782	0.500051522086	0.500163575332	0.500226444656	0.500155184109	0.500180337443	0.500285497503	0.500414478462	0.500184146546	0.500223781776	0.500191542517	0.500170067177	0.500093823658	0.499767315137	0.500133282515	0.500396550469	0.500421233137	0.500073983804	0.50036960932	0.500056742717	0.500433476251	0.50006861738	0.50020821929	0.500296230213	0.500304378759	0.500032151774	0.500221267674	0.499916311344	0.500433049804	0.500104295614	0.500209997216
21	28	0.500335983281	0.500136305481	0.500210811338	0.500086352405	0.500353926021	0.500085588958	0.500183041186	0.500367345496	0.500161549107	0.500301294745	0.499987706305	0.500197387602	0.500215853226	0.500208248267	0.500177355727	0.500068722333	0.500197420293	0.500349418914	0.500366759274	0.500337432179	0.500164044491	0.500235614857	0.499753807918	0.50037102731	0.500208236509	0.500204158639	0.500331795498	0.500299563695	0.500242209914	0.500367627622	0.500117626107	0.500200439494	0.500166536266	0.500273951032	0.500290389565	0.500213470853	0.499977297755	0.500215894823	0.500104847011	0.500203408665
28	21	0.500151245669	0.499919984067	0.500204722164	0.5001540697	0.500137831393	0.499890678575	0.500182466862	0.500402774516	0.500051141979	0.500171632225	0.500119235512	0.500212214784	0.50021516788	0.50011518674	0.500172995926	0.500068263769	0.500196914188	0.500193757769	0.500215341531	0.500183763363	0.500163654778	0.500136042872	0.499752933899	0.500372966791	0.500207699821	0.500203776921	0.500115498658	0.500157234786	0.500098647427	0.500387303093	0.50009268761	0.500199936082	0.500186984291	0.500148206255	0.500073854362	0.50021296634	0.500033951175	0.500215470788	0.500136847837	0.500202982336
21	31	0.500152736023	0.500135227382	0.500210811338	0.500086352405	0.500174541121	0.500085588958	0.500049637816	0.500192478628	0.500122736834	0.500125413438	0.499987706305	0.500197387602	0.500130565679	0.500059835969	0.500166577146	0.499930404378	0.500196625769	0.50013528693	0.500151417791	0.500174924265	0.499981443369	0.500025144213	0.499645040989	0.50018991381	0.500117701598	0.500085002159	0.500156367487	0.500102858528	0.500051613001	0.500232407693	0.500117626107	0.500137792649	0.500166536266	0.500091946952	0.500119945502	0.500084079007	0.499977297755	0.500215229139	0.500104847011	0.50020273938
31	21	0.50017044997	0.500125039652	0.500001304922	0.500133256631	0.499965401638	0.499898017194	0.500059102409	0.500019163027	0.500022189109	0.500002295385	0.499877394921	0.500221500091	0.500141859848	0.499975084869	0.500183497041	0.499937961294	0.500204966145	0.500156055232	0.500010264351	0.500231403594	0.499987865658	0.499934464038	0.499659444402	0.500141382961	0.500126545973	0.500091292681	0.499948398192	0.49996851396	0.499916551566	0.50008717649	0.500133185865	0.500146088631	0.500170189221	0.500146406434	0.499911788154	0.500092393144	0.500035633029	0.500222217033	0.50013428648	0.500209765078
22	27	0.499965344279	0.499900608965	0.500157093896	0.500130179959	0.500068714056	0.499855959797	0.500093155739	0.499944310445	0.500071953829	0.500143875023	0.499900469591	0.50010123752	0.500110208466	0.500109368481	0.49998981679	0.499759554637	0.500197832772	0.500176182503	0.50005942466	0.500026259173	0.500103053521	0.500096458448	0.499617103382	0.500135408018	0.500207874086	0.500070502187	0.499845580428	0.500156140224	0.49989986617	0.500198947064	0.500057755407	0.500121649792	0.500098501145	0.500142123955	0.499820110558	0.500134506853	0.499879112164	0.500123026168	0.499887113609	0.500136682801
27	22	0.500152285006	0.5001145612	0.500208518506	0.500142138823	0.500138858983	0.500061500377	0.500183941753	0.500157245163	0.500201824331	0.500172595001	0.500042957679	0.500167781413	0.500217683763	0.500116418128	0.500174143267	0.499922131084	0.500198211397	0.500194749784	0.500216934175	0.500184977288	0.500164658029	0.500137357007	0.499755298444	0.500170996076	0.500209073527	0.500204754451	0.50003987513	0.500158411633	0.500099909807	0.500217530406	0.500093119076	0.500201225981	0.500143849143	0.500149389231	0.500015136075	0.5002142569	0.499961929314	0.500217051585	0.500098162122	0.50020407428
26	30	0.500152247824	0.50012325619	0.500208489221	0.500142101341	0.500138820589	0.500096882453	0.500183894637	0.500186657118	0.500201781345	0.500172563009	0.500042878225	0.500167748763	0.500216871655	0.500116368684	0.500174105134	0.500069403763	0.50019817237	0.500194719633	0.500216616742	0.500184938692	0.500164623608	0.500137307503	0.499755106718	0.500170959881	0.500209034033	0.500204725874	0.500116683041	0.500158370355	0.500099856484	0.500216738166	0.500093070439	0.500201187568	0.500143812474	0.500149346518	0.500075045898	0.500214220564	0.499961848475	0.500216524943	0.500098113211	0.500204042193
30	26	0.500348030011	0.500124314164	0.500203767068	0.500137448213	0.500246667	0.500175481689	0.500177082157	0.500172932534	0.500195090683	0.500138976726	0.500035537867	0.500215686487	0.500208742273	0.500325198986	0.500168812664	0.500063964401	0.500192169084	0.500190130201	0.500210532203	0.500179330731	0.500160000935	0.500131273449	0.499670950549	0.500165971103	0.500338669012	0.500353625928	0.500066455933	0.500291811935	0.500231673042	0.500212261759	0.500087907883	0.500410181585	0.500139239141	0.500358217021	0.500114618607	0.500208236166	0.499955680071	0.500211495155	0.500294726433	0.500162397157
